Rank,Title,Genre,Studio
1,Hell’s Paradise Season 2,"['Action', 'Adventure', 'Mystery', 'Supernatural']",MAPPA
2,You and I Are Polar Opposites,"['Comedy', 'Drama', 'Romance', 'Slice of Life']",Lapin Track
3,Journal with Witch,"['Drama', 'Slice of Life']",Shuka
4,Kunon the Sorcerer Can See,"['Action', 'Adventure', 'Fantasy']",Platinum Vision
5,"Noble Reincarnation: Born Blessed, So I'll Obtain Ultimate Power","['Action', 'Adventure', 'Fantasy']",CompTown
6,Sentenced to Be a Hero,"['Action', 'Comedy', 'Drama', 'Fantasy']",Studio KAI
7,Fate/strange Fake,"['Action', 'Adventure', 'Fantasy', 'Mystery', 'Supernatural']",A-1 Pictures
8,In the Clear Moonlit Dusk,"['Romance', 'Slice of Life']","East Fish Studio, Atelier Peuplier"
9,Fire Force Season 3 Part 2,"['Action', 'Drama', 'Sci-Fi', 'Supernatural']",David Production
10,ONE PIECE,"['Action', 'Adventure', 'Comedy', 'Drama', 'Fantasy']",Toei Animation
11,JUJUTSU KAISEN Season 3: The Culling Game Part 1,"['Action', 'Drama', 'Supernatural']",MAPPA
12,【OSHI NO KO】Season 3,"['Drama', 'Mystery', 'Psychological', 'Supernatural']",Doga Kobo
13,Frieren: Beyond Journey’s End Season 2,"['Adventure', 'Drama', 'Fantasy']",MADHOUSE
14,Kaya-chan Isn't Scary,"['Comedy', 'Horror', 'Slice of Life']",East Fish Studio
15,Gachiakuta,"['Action', 'Drama', 'Fantasy']",bones film
16,Hana-Kimi,"['Comedy', 'Drama', 'Romance', 'Slice of Life']",Signal.MD
17,Bleach,"['Action', 'Adventure', 'Supernatural']",Studio Pierrot
18,The Villainess Is Adored by the Prince of the Neighbor Kingdom,"['Fantasy', 'Romance']",Studio DEEN
19,Medalist Season 2,"['Drama', 'Psychological', 'Sports']",ENGI
20,SHIBOYUGI: Playing Death Games to Put Food on the Table,"['Action', 'Drama', 'Mystery', 'Thriller']",Studio DEEN
21,Frieren: Beyond Journey’s End,"['Adventure', 'Drama', 'Fantasy']",MADHOUSE
22,TRIGUN STARGAZE,"['Action', 'Comedy', 'Drama', 'Sci-Fi']",Orange
23,"Jack-of-All-Trades, Party of None","['Action', 'Adventure', 'Fantasy']",animation studio42
24,Chained Soldier Season 2,"['Action', 'Adventure', 'Drama', 'Ecchi', 'Fantasy', 'Romance']","Passione, Hayabusa Film"
25,Reincarnated as a Dragon Hatchling,"['Action', 'Adventure', 'Fantasy']","GA-CREW, Felix Film"
26,HELL MODE: The Hardcore Gamer Dominates in Another World with Garbage Balancing,"['Action', 'Adventure', 'Fantasy']",Yokohama Animation Lab
27,Tamon's B-Side,"['Comedy', 'Romance']",J.C.STAFF
28,Cosmic Princess Kaguya!,"['Action', 'Comedy', 'Drama', 'Fantasy', 'Music', 'Sci-Fi']","Studio Colorido, Studio Chromato"
29,JUJUTSU KAISEN Season 2,"['Action', 'Drama', 'Supernatural']",MAPPA
30,A Misanthrope Teaches a Class for Demi-Humans,"['Comedy', 'Drama', 'Fantasy', 'Romance', 'Slice of Life']",Asread
31,Hunter x Hunter (2011),"['Action', 'Adventure', 'Fantasy']",MADHOUSE
32,Black Clover,"['Action', 'Adventure', 'Comedy', 'Fantasy']",Studio Pierrot
33,Attack on Titan,"['Action', 'Drama', 'Fantasy', 'Mystery']",WIT STUDIO
34,Fullmetal Alchemist: Brotherhood,"['Action', 'Adventure', 'Drama', 'Fantasy']",bones
35,Naruto: Shippuden,"['Action', 'Adventure', 'Comedy', 'Drama', 'Fantasy', 'Supernatural']",Studio Pierrot
36,DIGIMON BEATBREAK,"['Action', 'Adventure', 'Fantasy', 'Sci-Fi']",Toei Animation
37,The Daily Life of the Immortal King Season 5,"['Action', 'Comedy', 'Fantasy']",Liyu Culture
38,Scum of the Brave,"['Action', 'Comedy', 'Drama', 'Fantasy', 'Sci-Fi']",OLM
39,The Fragrant Flower Blooms With Dignity,"['Comedy', 'Drama', 'Romance']",CloverWorks
40,The Daily Life of a Part-time Torturer,['Comedy'],diomedéa
41,Naruto,"['Action', 'Adventure', 'Comedy', 'Drama', 'Fantasy', 'Supernatural']",Studio Pierrot
42,Tojima Wants to Be a Kamen Rider,"['Action', 'Comedy']",LIDENFILMS
43,Chainsaw Man – The Movie: Reze Arc,"['Action', 'Drama', 'Horror', 'Romance', 'Supernatural']",MAPPA
44,Easygoing Territory Defense by the Optimistic Lord,"['Adventure', 'Fantasy']",NAZ
45,Dead Account,"['Action', 'Supernatural']",SynergySP
46,The Apothecary Diaries,"['Drama', 'Mystery']","OLM, TOHO animation STUDIO"
47,"There was a Cute Girl in the Hero’s Party, so I Tried Confessing to Her","['Adventure', 'Comedy', 'Fantasy', 'Romance']",Gekkou
48,My Hero Academia: Vigilantes Season 2,"['Action', 'Adventure', 'Drama', 'Fantasy']",bones film
49,Tune In to the Midnight Heart,"['Comedy', 'Romance']",Gekkou
50,DAN DA DAN Season 2,"['Action', 'Comedy', 'Drama', 'Romance', 'Sci-Fi', 'Supernatural']",Science SARU
Rank,Title,Genre,Studio
1,Hell’s Paradise Season 2,"['Action', 'Adventure', 'Mystery', 'Supernatural']",MAPPA
2,You and I Are Polar Opposites,"['Comedy', 'Drama', 'Romance', 'Slice of Life']",Lapin Track
3,Frieren: Beyond Journey’s End Season 2,"['Adventure', 'Drama', 'Fantasy']",MADHOUSE
4,"Noble Reincarnation: Born Blessed, So I'll Obtain Ultimate Power","['Action', 'Adventure', 'Fantasy']",CompTown
5,Journal with Witch,"['Drama', 'Slice of Life']",Shuka
6,JUJUTSU KAISEN Season 3: The Culling Game Part 1,"['Action', 'Drama', 'Supernatural']",MAPPA
7,Kunon the Sorcerer Can See,"['Action', 'Adventure', 'Fantasy']",Platinum Vision
8,Fate/strange Fake,"['Action', 'Adventure', 'Fantasy', 'Mystery', 'Supernatural']",A-1 Pictures
9,Sentenced to Be a Hero,"['Action', 'Comedy', 'Drama', 'Fantasy']",Studio KAI
10,In the Clear Moonlit Dusk,"['Romance', 'Slice of Life']","East Fish Studio, Atelier Peuplier"
11,Fire Force Season 3 Part 2,"['Action', 'Drama', 'Sci-Fi', 'Supernatural']",David Production
12,【OSHI NO KO】Season 3,"['Drama', 'Mystery', 'Psychological', 'Supernatural']",Doga Kobo
13,ONE PIECE,"['Action', 'Adventure', 'Comedy', 'Drama', 'Fantasy']",Toei Animation
14,Kaya-chan Isn't Scary,"['Comedy', 'Horror', 'Slice of Life']",East Fish Studio
15,The Villainess Is Adored by the Prince of the Neighbor Kingdom,"['Fantasy', 'Romance']",Studio DEEN
16,Hana-Kimi,"['Comedy', 'Drama', 'Romance', 'Slice of Life']",Signal.MD
17,To Your Eternity Season 3,"['Adventure', 'Drama', 'Fantasy', 'Psychological', 'Supernatural']","Drive, Studio Massket"
18,Medalist Season 2,"['Drama', 'Psychological', 'Sports']",ENGI
19,Frieren: Beyond Journey’s End,"['Adventure', 'Drama', 'Fantasy']",MADHOUSE
20,BAKI-DOU: The Invincible Samurai,"['Action', 'Sports']",TMS Entertainment
21,HELL MODE: The Hardcore Gamer Dominates in Another World with Garbage Balancing,"['Action', 'Adventure', 'Fantasy']",Yokohama Animation Lab
22,Gachiakuta,"['Action', 'Drama', 'Fantasy']",bones film
23,"Jack-of-All-Trades, Party of None","['Action', 'Adventure', 'Fantasy']",animation studio42
24,TRIGUN STARGAZE,"['Action', 'Comedy', 'Drama', 'Sci-Fi']",Orange
25,Bleach,"['Action', 'Adventure', 'Supernatural']",Studio Pierrot
26,GNOSIA,"['Drama', 'Mystery', 'Sci-Fi', 'Thriller']",domerica
27,Reincarnated as a Dragon Hatchling,"['Action', 'Adventure', 'Fantasy']","GA-CREW, Felix Film"
28,Dead Account,"['Action', 'Supernatural']",SynergySP
29,JUJUTSU KAISEN Season 2,"['Action', 'Drama', 'Supernatural']",MAPPA
30,The Daily Life of a Part-time Torturer,['Comedy'],diomedéa
31,Tojima Wants to Be a Kamen Rider,"['Action', 'Comedy']",LIDENFILMS
32,My Hero Academia: Vigilantes Season 2,"['Action', 'Adventure', 'Drama', 'Fantasy']",bones film
33,SHIBOYUGI: Playing Death Games to Put Food on the Table,"['Action', 'Drama', 'Mystery', 'Thriller']",Studio DEEN
34,Black Clover,"['Action', 'Adventure', 'Comedy', 'Fantasy']",Studio Pierrot
35,DIGIMON BEATBREAK,"['Action', 'Adventure', 'Fantasy', 'Sci-Fi']",Toei Animation
36,Tamon's B-Side,"['Comedy', 'Romance']",J.C.STAFF
37,Chained Soldier Season 2,"['Action', 'Adventure', 'Drama', 'Ecchi', 'Fantasy', 'Romance']","Passione, Hayabusa Film"
38,A Misanthrope Teaches a Class for Demi-Humans,"['Comedy', 'Drama', 'Fantasy', 'Romance', 'Slice of Life']",Asread
39,ROLL OVER AND DIE: I Will Fight for an Ordinary Life with My Love and Cursed Sword!,"['Action', 'Adventure', 'Drama', 'Fantasy', 'Horror']",A.C.G.T.
40,Scum of the Brave,"['Action', 'Comedy', 'Drama', 'Fantasy', 'Sci-Fi']",OLM
41,JUJUTSU KAISEN,"['Action', 'Drama', 'Supernatural']",MAPPA
42,Attack on Titan,"['Action', 'Drama', 'Fantasy', 'Mystery']",WIT STUDIO
43,Hunter x Hunter (2011),"['Action', 'Adventure', 'Fantasy']",MADHOUSE
44,Naruto,"['Action', 'Adventure', 'Comedy', 'Drama', 'Fantasy', 'Supernatural']",Studio Pierrot
45,The Apothecary Diaries Season 2,"['Drama', 'Mystery']","TOHO animation STUDIO, OLM"
46,Fullmetal Alchemist: Brotherhood,"['Action', 'Adventure', 'Drama', 'Fantasy']",bones
47,Naruto: Shippuden,"['Action', 'Adventure', 'Comedy', 'Drama', 'Fantasy', 'Supernatural']",Studio Pierrot
48,The Apothecary Diaries,"['Drama', 'Mystery']","OLM, TOHO animation STUDIO"
49,Chainsaw Man – The Movie: Reze Arc,"['Action', 'Drama', 'Horror', 'Romance', 'Supernatural']",MAPPA
50,Tune In to the Midnight Heart,"['Comedy', 'Romance']",Gekkou
Rank,Title,Genre,Studio
1,Frieren: Beyond Journey’s End Season 2,"['Adventure', 'Drama', 'Fantasy']",MADHOUSE
2,JUJUTSU KAISEN Season 3: The Culling Game Part 1,"['Action', 'Drama', 'Supernatural']",MAPPA
3,Fire Force Season 3 Part 2,"['Action', 'Drama', 'Sci-Fi', 'Supernatural']",David Production
4,Sentenced to Be a Hero,"['Action', 'Comedy', 'Drama', 'Fantasy']",Studio KAI
5,HELL MODE: The Hardcore Gamer Dominates in Another World with Garbage Balancing,"['Action', 'Adventure', 'Fantasy']",Yokohama Animation Lab
6,【OSHI NO KO】Season 3,"['Drama', 'Mystery', 'Psychological', 'Supernatural']",Doga Kobo
7,ONE PIECE,"['Action', 'Adventure', 'Comedy', 'Drama', 'Fantasy']",Toei Animation
8,Chained Soldier Season 2,"['Action', 'Adventure', 'Drama', 'Ecchi', 'Fantasy', 'Romance']","Passione, Hayabusa Film"
9,"Jack-of-All-Trades, Party of None","['Action', 'Adventure', 'Fantasy']",animation studio42
10,Hell’s Paradise Season 2,"['Action', 'Adventure', 'Mystery', 'Supernatural']",MAPPA
11,You and I Are Polar Opposites,"['Comedy', 'Drama', 'Romance', 'Slice of Life']",Lapin Track
12,DARK MOON: THE BLOOD ALTAR,['Supernatural'],TROYCA
13,ROLL OVER AND DIE: I Will Fight for an Ordinary Life with My Love and Cursed Sword!,"['Action', 'Adventure', 'Drama', 'Fantasy', 'Horror']",A.C.G.T.
14,Gachiakuta,"['Action', 'Drama', 'Fantasy']",bones film
15,Tamon's B-Side,"['Comedy', 'Romance']",J.C.STAFF
16,Fate/strange Fake,"['Action', 'Adventure', 'Fantasy', 'Mystery', 'Supernatural']",A-1 Pictures
17,Bleach,"['Action', 'Adventure', 'Supernatural']",Studio Pierrot
18,Easygoing Territory Defense by the Optimistic Lord,"['Adventure', 'Fantasy']",NAZ
19,Evangelion: Housou 30 Shuunen Kinen Tokubetsu Kougyou,['Psychological'],Studio Khara
20,SHIBOYUGI: Playing Death Games to Put Food on the Table,"['Action', 'Drama', 'Mystery', 'Thriller']",Studio DEEN
21,The Holy Grail of Eris,"['Drama', 'Fantasy', 'Mystery', 'Romance', 'Supernatural']",Ashi Productions
22,"There was a Cute Girl in the Hero’s Party, so I Tried Confessing to Her","['Adventure', 'Comedy', 'Fantasy', 'Romance']",Gekkou
23,Hunter x Hunter (2011),"['Action', 'Adventure', 'Fantasy']",MADHOUSE
24,Journal with Witch,"['Drama', 'Slice of Life']",Shuka
25,The Invisible Man and His Soon-to-Be Wife,"['Comedy', 'Romance', 'Supernatural']",project No.9
26,JUJUTSU KAISEN,"['Action', 'Drama', 'Supernatural']",MAPPA
27,Bless,['Slice of Life'],A-1 Pictures
28,Champignon Witch,"['Drama', 'Fantasy', 'Supernatural']","Qzil.la, TYPHOON GRAPHICS"
29,My Dress-Up Darling Season 2,"['Comedy', 'Ecchi', 'Romance', 'Slice of Life']",CloverWorks
30,The Darwin Incident,"['Sci-Fi', 'Thriller']",BELLNOX FILMS
31,Frieren: Beyond Journey’s End,"['Adventure', 'Drama', 'Fantasy']",MADHOUSE
32,BAKI-DOU: The Invincible Samurai,"['Action', 'Sports']",TMS Entertainment
33,Attack on Titan,"['Action', 'Drama', 'Fantasy', 'Mystery']",WIT STUDIO
34,Fullmetal Alchemist: Brotherhood,"['Action', 'Adventure', 'Drama', 'Fantasy']",bones
35,The Fragrant Flower Blooms With Dignity,"['Comedy', 'Drama', 'Romance']",CloverWorks
36,My Hero Academia: Vigilantes Season 2,"['Action', 'Adventure', 'Drama', 'Fantasy']",bones film
37,MF GHOST Season 3,['Sports'],Felix Film
38,JUJUTSU KAISEN Season 2,"['Action', 'Drama', 'Supernatural']",MAPPA
39,Chainsaw Man,"['Action', 'Drama', 'Horror', 'Supernatural']",MAPPA
40,Neon Genesis Evangelion,"['Action', 'Drama', 'Mecha', 'Mystery', 'Psychological', 'Sci-Fi']","Gainax, Tatsunoko Production"
41,In the Clear Moonlit Dusk,"['Romance', 'Slice of Life']","East Fish Studio, Atelier Peuplier"
42,Scooped Up by an S-Rank Adventurer!,"['Action', 'Adventure', 'Fantasy']",Felix Film
43,Love Through A Prism,"['Drama', 'Romance']",WIT STUDIO
44,Tune In to the Midnight Heart,"['Comedy', 'Romance']",Gekkou
45,Naruto: Shippuden,"['Action', 'Adventure', 'Comedy', 'Drama', 'Fantasy', 'Supernatural']",Studio Pierrot
46,Cosmic Princess Kaguya!,"['Action', 'Comedy', 'Drama', 'Fantasy', 'Music', 'Sci-Fi']","Studio Colorido, Studio Chromato"
47,Wash It All Away,"['Comedy', 'Romance', 'Slice of Life']",Okuruto Noboru
48,My Hero Academia FINAL SEASON,"['Action', 'Adventure']",bones film
49,Chainsaw Man – The Movie: Reze Arc,"['Action', 'Drama', 'Horror', 'Romance', 'Supernatural']",MAPPA
50,The Apothecary Diaries,"['Drama', 'Mystery']","OLM, TOHO animation STUDIO"
Rank,Title,Genre,Studio
1,Frieren: Beyond Journey’s End Season 2,"['Adventure', 'Drama', 'Fantasy']",MADHOUSE
2,Fate/strange Fake,"['Action', 'Adventure', 'Fantasy', 'Mystery', 'Supernatural']",A-1 Pictures
3,JUJUTSU KAISEN Season 3: The Culling Game Part 1,"['Action', 'Drama', 'Supernatural']",MAPPA
4,Sentenced to Be a Hero,"['Action', 'Comedy', 'Drama', 'Fantasy']",Studio KAI
5,Medalist Season 2,"['Drama', 'Psychological', 'Sports']",ENGI
6,Fire Force Season 3 Part 2,"['Action', 'Drama', 'Sci-Fi', 'Supernatural']",David Production
7,Reincarnated as a Dragon Hatchling,"['Action', 'Adventure', 'Fantasy']","GA-CREW, Felix Film"
8,To Your Eternity Season 3,"['Adventure', 'Drama', 'Fantasy', 'Psychological', 'Supernatural']","Drive, Studio Massket"
9,【OSHI NO KO】Season 3,"['Drama', 'Mystery', 'Psychological', 'Supernatural']",Doga Kobo
10,ONE PIECE,"['Action', 'Adventure', 'Comedy', 'Drama', 'Fantasy']",Toei Animation
11,TRIGUN STARGAZE,"['Action', 'Comedy', 'Drama', 'Sci-Fi']",Orange
12,Dead Account,"['Action', 'Supernatural']",SynergySP
13,Hell’s Paradise Season 2,"['Action', 'Adventure', 'Mystery', 'Supernatural']",MAPPA
14,GNOSIA,"['Drama', 'Mystery', 'Sci-Fi', 'Thriller']",domerica
15,Tojima Wants to Be a Kamen Rider,"['Action', 'Comedy']",LIDENFILMS
16,Scum of the Brave,"['Action', 'Comedy', 'Drama', 'Fantasy', 'Sci-Fi']",OLM
17,HELL MODE: The Hardcore Gamer Dominates in Another World with Garbage Balancing,"['Action', 'Adventure', 'Fantasy']",Yokohama Animation Lab
18,A Misanthrope Teaches a Class for Demi-Humans,"['Comedy', 'Drama', 'Fantasy', 'Romance', 'Slice of Life']",Asread
19,BEASTARS Final Season Part 2,"['Drama', 'Mystery', 'Psychological', 'Slice of Life']",Orange
20,Gachiakuta,"['Action', 'Drama', 'Fantasy']",bones film
21,Chained Soldier Season 2,"['Action', 'Adventure', 'Drama', 'Ecchi', 'Fantasy', 'Romance']","Passione, Hayabusa Film"
22,"Jack-of-All-Trades, Party of None","['Action', 'Adventure', 'Fantasy']",animation studio42
23,You and I Are Polar Opposites,"['Comedy', 'Drama', 'Romance', 'Slice of Life']",Lapin Track
24,Tamon's B-Side,"['Comedy', 'Romance']",J.C.STAFF
25,SHIBOYUGI: Playing Death Games to Put Food on the Table,"['Action', 'Drama', 'Mystery', 'Thriller']",Studio DEEN
26,Unanswered//butterfly: Sword Art Online,"['Action', 'Adventure']",POLYGON PICTURES
27,Frieren: Beyond Journey’s End,"['Adventure', 'Drama', 'Fantasy']",MADHOUSE
28,JUJUTSU KAISEN,"['Action', 'Drama', 'Supernatural']",MAPPA
29,Hunter x Hunter (2011),"['Action', 'Adventure', 'Fantasy']",MADHOUSE
30,ROLL OVER AND DIE: I Will Fight for an Ordinary Life with My Love and Cursed Sword!,"['Action', 'Adventure', 'Drama', 'Fantasy', 'Horror']",A.C.G.T.
31,My Hero Academia: Vigilantes Season 2,"['Action', 'Adventure', 'Drama', 'Fantasy']",bones film
32,Evangelion: Housou 30 Shuunen Kinen Tokubetsu Kougyou,['Psychological'],Studio Khara
33,Naruto: Shippuden,"['Action', 'Adventure', 'Comedy', 'Drama', 'Fantasy', 'Supernatural']",Studio Pierrot
34,Journal with Witch,"['Drama', 'Slice of Life']",Shuka
35,Fullmetal Alchemist: Brotherhood,"['Action', 'Adventure', 'Drama', 'Fantasy']",bones
36,Bleach,"['Action', 'Adventure', 'Supernatural']",Studio Pierrot
37,SPY x FAMILY Season 3,"['Action', 'Comedy', 'Slice of Life', 'Supernatural']","WIT STUDIO, CloverWorks"
38,BAKI-DOU: The Invincible Samurai,"['Action', 'Sports']",TMS Entertainment
39,The Invisible Man and His Soon-to-Be Wife,"['Comedy', 'Romance', 'Supernatural']",project No.9
40,MF GHOST Season 3,['Sports'],Felix Film
41,Naruto,"['Action', 'Adventure', 'Comedy', 'Drama', 'Fantasy', 'Supernatural']",Studio Pierrot
42,Easygoing Territory Defense by the Optimistic Lord,"['Adventure', 'Fantasy']",NAZ
43,The Apothecary Diaries,"['Drama', 'Mystery']","OLM, TOHO animation STUDIO"
44,JUJUTSU KAISEN Season 2,"['Action', 'Drama', 'Supernatural']",MAPPA
45,Black Clover,"['Action', 'Adventure', 'Comedy', 'Fantasy']",Studio Pierrot
46,Death Note,"['Mystery', 'Psychological', 'Supernatural', 'Thriller']",MADHOUSE
47,"There was a Cute Girl in the Hero’s Party, so I Tried Confessing to Her","['Adventure', 'Comedy', 'Fantasy', 'Romance']",Gekkou
48,In the Clear Moonlit Dusk,"['Romance', 'Slice of Life']","East Fish Studio, Atelier Peuplier"
49,Tune In to the Midnight Heart,"['Comedy', 'Romance']",Gekkou
50,"Noble Reincarnation: Born Blessed, So I'll Obtain Ultimate Power","['Action', 'Adventure', 'Fantasy']",CompTown
Rank,Title,Genre,Studio
1,JUJUTSU KAISEN Season 3: The Culling Game Part 1,"['Action', 'Drama', 'Supernatural']",MAPPA
2,Sentenced to Be a Hero,"['Action', 'Comedy', 'Drama', 'Fantasy']",Studio KAI
3,【OSHI NO KO】Season 3,"['Drama', 'Mystery', 'Psychological', 'Supernatural']",Doga Kobo
4,Chained Soldier Season 2,"['Action', 'Adventure', 'Drama', 'Ecchi', 'Fantasy', 'Romance']","Passione, Hayabusa Film"
5,"Jack-of-All-Trades, Party of None","['Action', 'Adventure', 'Fantasy']",animation studio42
6,Frieren: Beyond Journey’s End Season 2,"['Adventure', 'Drama', 'Fantasy']",MADHOUSE
7,Hell’s Paradise Season 2,"['Action', 'Adventure', 'Mystery', 'Supernatural']",MAPPA
8,ONE PIECE,"['Action', 'Adventure', 'Comedy', 'Drama', 'Fantasy']",Toei Animation
9,ROLL OVER AND DIE: I Will Fight for an Ordinary Life with My Love and Cursed Sword!,"['Action', 'Adventure', 'Drama', 'Fantasy', 'Horror']",A.C.G.T.
10,Easygoing Territory Defense by the Optimistic Lord,"['Adventure', 'Fantasy']",NAZ
11,You and I Are Polar Opposites,"['Comedy', 'Drama', 'Romance', 'Slice of Life']",Lapin Track
12,The Invisible Man and His Soon-to-Be Wife,"['Comedy', 'Romance', 'Supernatural']",project No.9
13,The Holy Grail of Eris,"['Drama', 'Fantasy', 'Mystery', 'Romance', 'Supernatural']",Ashi Productions
14,Tamon's B-Side,"['Comedy', 'Romance']",J.C.STAFF
15,MF GHOST Season 3,['Sports'],Felix Film
16,Champignon Witch,"['Drama', 'Fantasy', 'Supernatural']","Qzil.la, TYPHOON GRAPHICS"
17,Fire Force Season 3 Part 2,"['Action', 'Drama', 'Sci-Fi', 'Supernatural']",David Production
18,SHIBOYUGI: Playing Death Games to Put Food on the Table,"['Action', 'Drama', 'Mystery', 'Thriller']",Studio DEEN
19,Fate/strange Fake,"['Action', 'Adventure', 'Fantasy', 'Mystery', 'Supernatural']",A-1 Pictures
20,Hunter x Hunter (2011),"['Action', 'Adventure', 'Fantasy']",MADHOUSE
21,Gachiakuta,"['Action', 'Drama', 'Fantasy']",bones film
22,Journal with Witch,"['Drama', 'Slice of Life']",Shuka
23,Frieren: Beyond Journey’s End,"['Adventure', 'Drama', 'Fantasy']",MADHOUSE
24,Bleach,"['Action', 'Adventure', 'Supernatural']",Studio Pierrot
25,An Adventurer’s Daily Grind at Age 29,"['Adventure', 'Fantasy', 'Slice of Life']",HORNETS
26,My Hero Academia: Vigilantes Season 2,"['Action', 'Adventure', 'Drama', 'Fantasy']",bones film
27,"There was a Cute Girl in the Hero’s Party, so I Tried Confessing to Her","['Adventure', 'Comedy', 'Fantasy', 'Romance']",Gekkou
28,Attack on Titan,"['Action', 'Drama', 'Fantasy', 'Mystery']",WIT STUDIO
29,JUJUTSU KAISEN,"['Action', 'Drama', 'Supernatural']",MAPPA
30,Fullmetal Alchemist: Brotherhood,"['Action', 'Adventure', 'Drama', 'Fantasy']",bones
31,Monster,"['Drama', 'Horror', 'Mystery', 'Psychological', 'Thriller']",MADHOUSE
32,BEASTARS Final Season Part 2,"['Drama', 'Mystery', 'Psychological', 'Slice of Life']",Orange
33,Death Note,"['Mystery', 'Psychological', 'Supernatural', 'Thriller']",MADHOUSE
34,Black Clover,"['Action', 'Adventure', 'Comedy', 'Fantasy']",Studio Pierrot
35,HELL MODE: The Hardcore Gamer Dominates in Another World with Garbage Balancing,"['Action', 'Adventure', 'Fantasy']",Yokohama Animation Lab
36,The Fragrant Flower Blooms With Dignity,"['Comedy', 'Drama', 'Romance']",CloverWorks
37,JUJUTSU KAISEN Season 2,"['Action', 'Drama', 'Supernatural']",MAPPA
38,You Can't Be In a Rom-Com with Your Childhood Friends!,"['Comedy', 'Romance']",Tezuka Productions
39,Tune In to the Midnight Heart,"['Comedy', 'Romance']",Gekkou
40,A Silent Voice,"['Drama', 'Romance', 'Slice of Life']",Kyoto Animation
41,Code Geass: Lelouch of the Rebellion,"['Action', 'Drama', 'Mecha', 'Sci-Fi', 'Thriller']",Sunrise
42,Neon Genesis Evangelion,"['Action', 'Drama', 'Mecha', 'Mystery', 'Psychological', 'Sci-Fi']","Gainax, Tatsunoko Production"
43,BAKI-DOU: The Invincible Samurai,"['Action', 'Sports']",TMS Entertainment
44,Chainsaw Man – The Movie: Reze Arc,"['Action', 'Drama', 'Horror', 'Romance', 'Supernatural']",MAPPA
45,Demon Slayer: Kimetsu no Yaiba,"['Action', 'Adventure', 'Drama', 'Fantasy', 'Supernatural']",ufotable
46,Tokyo Ghoul,"['Action', 'Drama', 'Horror', 'Mystery', 'Psychological', 'Supernatural']",Studio Pierrot
47,Naruto,"['Action', 'Adventure', 'Comedy', 'Drama', 'Fantasy', 'Supernatural']",Studio Pierrot
48,Golden Kamuy Final Season,"['Action', 'Adventure', 'Comedy']",Brain's Base
49,Attack on Titan Season 3,"['Action', 'Drama', 'Fantasy', 'Mystery']",WIT STUDIO
50,Naruto: Shippuden,"['Action', 'Adventure', 'Comedy', 'Drama', 'Fantasy', 'Supernatural']",Studio Pierrot
Rank,Title,Genre,Studio
1,Frieren: Beyond Journey’s End Season 2,"['Adventure', 'Drama', 'Fantasy']",MADHOUSE
2,JUJUTSU KAISEN Season 3: The Culling Game Part 1,"['Action', 'Drama', 'Supernatural']",MAPPA
3,Fire Force Season 3 Part 2,"['Action', 'Drama', 'Sci-Fi', 'Supernatural']",David Production
4,HELL MODE: The Hardcore Gamer Dominates in Another World with Garbage Balancing,"['Action', 'Adventure', 'Fantasy']",Yokohama Animation Lab
5,Sentenced to Be a Hero,"['Action', 'Comedy', 'Drama', 'Fantasy']",Studio KAI
6,ONE PIECE,"['Action', 'Adventure', 'Comedy', 'Drama', 'Fantasy']",Toei Animation
7,【OSHI NO KO】Season 3,"['Drama', 'Mystery', 'Psychological', 'Supernatural']",Doga Kobo
8,"Jack-of-All-Trades, Party of None","['Action', 'Adventure', 'Fantasy']",animation studio42
9,Chained Soldier Season 2,"['Action', 'Adventure', 'Drama', 'Ecchi', 'Fantasy', 'Romance']","Passione, Hayabusa Film"
10,Hell’s Paradise Season 2,"['Action', 'Adventure', 'Mystery', 'Supernatural']",MAPPA
11,You and I Are Polar Opposites,"['Comedy', 'Drama', 'Romance', 'Slice of Life']",Lapin Track
12,Hunter x Hunter (2011),"['Action', 'Adventure', 'Fantasy']",MADHOUSE
13,Tamon's B-Side,"['Comedy', 'Romance']",J.C.STAFF
14,Easygoing Territory Defense by the Optimistic Lord,"['Adventure', 'Fantasy']",NAZ
15,DARK MOON: THE BLOOD ALTAR,['Supernatural'],TROYCA
16,"There was a Cute Girl in the Hero’s Party, so I Tried Confessing to Her","['Adventure', 'Comedy', 'Fantasy', 'Romance']",Gekkou
17,SHIBOYUGI: Playing Death Games to Put Food on the Table,"['Action', 'Drama', 'Mystery', 'Thriller']",Studio DEEN
18,Gachiakuta,"['Action', 'Drama', 'Fantasy']",bones film
19,ROLL OVER AND DIE: I Will Fight for an Ordinary Life with My Love and Cursed Sword!,"['Action', 'Adventure', 'Drama', 'Fantasy', 'Horror']",A.C.G.T.
20,The Holy Grail of Eris,"['Drama', 'Fantasy', 'Mystery', 'Romance', 'Supernatural']",Ashi Productions
21,Bleach,"['Action', 'Adventure', 'Supernatural']",Studio Pierrot
22,JUJUTSU KAISEN Season 2,"['Action', 'Drama', 'Supernatural']",MAPPA
23,Fate/strange Fake,"['Action', 'Adventure', 'Fantasy', 'Mystery', 'Supernatural']",A-1 Pictures
24,Frieren: Beyond Journey’s End,"['Adventure', 'Drama', 'Fantasy']",MADHOUSE
25,JUJUTSU KAISEN,"['Action', 'Drama', 'Supernatural']",MAPPA
26,Black Clover,"['Action', 'Adventure', 'Comedy', 'Fantasy']",Studio Pierrot
27,Champignon Witch,"['Drama', 'Fantasy', 'Supernatural']","Qzil.la, TYPHOON GRAPHICS"
28,The Invisible Man and His Soon-to-Be Wife,"['Comedy', 'Romance', 'Supernatural']",project No.9
29,Attack on Titan,"['Action', 'Drama', 'Fantasy', 'Mystery']",WIT STUDIO
30,My Hero Academia: Vigilantes Season 2,"['Action', 'Adventure', 'Drama', 'Fantasy']",bones film
31,Tune In to the Midnight Heart,"['Comedy', 'Romance']",Gekkou
32,Journal with Witch,"['Drama', 'Slice of Life']",Shuka
33,The Apothecary Diaries Season 2,"['Drama', 'Mystery']","TOHO animation STUDIO, OLM"
34,Naruto,"['Action', 'Adventure', 'Comedy', 'Drama', 'Fantasy', 'Supernatural']",Studio Pierrot
35,The Apothecary Diaries,"['Drama', 'Mystery']","OLM, TOHO animation STUDIO"
36,Hell’s Paradise,"['Action', 'Adventure', 'Mystery', 'Supernatural']",MAPPA
37,Attack on Titan Final Season,"['Action', 'Drama', 'Fantasy', 'Mystery']",MAPPA
38,Death Note,"['Mystery', 'Psychological', 'Supernatural', 'Thriller']",MADHOUSE
39,BEASTARS Final Season Part 2,"['Drama', 'Mystery', 'Psychological', 'Slice of Life']",Orange
40,Chainsaw Man,"['Action', 'Drama', 'Horror', 'Supernatural']",MAPPA
41,The Fragrant Flower Blooms With Dignity,"['Comedy', 'Drama', 'Romance']",CloverWorks
42,Naruto: Shippuden,"['Action', 'Adventure', 'Comedy', 'Drama', 'Fantasy', 'Supernatural']",Studio Pierrot
43,Kunon the Sorcerer Can See,"['Action', 'Adventure', 'Fantasy']",Platinum Vision
44,MF GHOST Season 3,['Sports'],Felix Film
45,Fullmetal Alchemist: Brotherhood,"['Action', 'Adventure', 'Drama', 'Fantasy']",bones
46,Vinland Saga,"['Action', 'Adventure', 'Drama']",WIT STUDIO
47,A Silent Voice,"['Drama', 'Romance', 'Slice of Life']",Kyoto Animation
48,Chainsaw Man – The Movie: Reze Arc,"['Action', 'Drama', 'Horror', 'Romance', 'Supernatural']",MAPPA
49,DAN DA DAN,"['Action', 'Comedy', 'Drama', 'Romance', 'Sci-Fi', 'Supernatural']",Science SARU
50,Dr. STONE,"['Action', 'Adventure', 'Comedy', 'Sci-Fi']",TMS Entertainment
Rank,Title,Genre,Studio
1,Frieren: Beyond Journey’s End Season 2,"['Adventure', 'Drama', 'Fantasy']",MADHOUSE
2,Fate/strange Fake,"['Action', 'Adventure', 'Fantasy', 'Mystery', 'Supernatural']",A-1 Pictures
3,JUJUTSU KAISEN Season 3: The Culling Game Part 1,"['Action', 'Drama', 'Supernatural']",MAPPA
4,Sentenced to Be a Hero,"['Action', 'Comedy', 'Drama', 'Fantasy']",Studio KAI
5,Reincarnated as a Dragon Hatchling,"['Action', 'Adventure', 'Fantasy']","GA-CREW, Felix Film"
6,Fire Force Season 3 Part 2,"['Action', 'Drama', 'Sci-Fi', 'Supernatural']",David Production
7,Medalist Season 2,"['Drama', 'Psychological', 'Sports']",ENGI
8,GNOSIA,"['Drama', 'Mystery', 'Sci-Fi', 'Thriller']",domerica
9,To Your Eternity Season 3,"['Adventure', 'Drama', 'Fantasy', 'Psychological', 'Supernatural']","Drive, Studio Massket"
10,ONE PIECE,"['Action', 'Adventure', 'Comedy', 'Drama', 'Fantasy']",Toei Animation
11,【OSHI NO KO】Season 3,"['Drama', 'Mystery', 'Psychological', 'Supernatural']",Doga Kobo
12,HELL MODE: The Hardcore Gamer Dominates in Another World with Garbage Balancing,"['Action', 'Adventure', 'Fantasy']",Yokohama Animation Lab
13,Hell’s Paradise Season 2,"['Action', 'Adventure', 'Mystery', 'Supernatural']",MAPPA
14,Boku no Kokoro no Yabai Yatsu 3rd Season,"['Comedy', 'Romance', 'Slice of Life']",
15,TRIGUN STARGAZE,"['Action', 'Comedy', 'Drama', 'Sci-Fi']",Orange
16,Tojima Wants to Be a Kamen Rider,"['Action', 'Comedy']",LIDENFILMS
17,Dead Account,"['Action', 'Supernatural']",SynergySP
18,Scum of the Brave,"['Action', 'Comedy', 'Drama', 'Fantasy', 'Sci-Fi']",OLM
19,"Jack-of-All-Trades, Party of None","['Action', 'Adventure', 'Fantasy']",animation studio42
20,Chained Soldier Season 2,"['Action', 'Adventure', 'Drama', 'Ecchi', 'Fantasy', 'Romance']","Passione, Hayabusa Film"
21,You and I Are Polar Opposites,"['Comedy', 'Drama', 'Romance', 'Slice of Life']",Lapin Track
22,A Misanthrope Teaches a Class for Demi-Humans,"['Comedy', 'Drama', 'Fantasy', 'Romance', 'Slice of Life']",Asread
23,Frieren: Beyond Journey’s End,"['Adventure', 'Drama', 'Fantasy']",MADHOUSE
24,Gachiakuta,"['Action', 'Drama', 'Fantasy']",bones film
25,SHIBOYUGI: Playing Death Games to Put Food on the Table,"['Action', 'Drama', 'Mystery', 'Thriller']",Studio DEEN
26,Bleach,"['Action', 'Adventure', 'Supernatural']",Studio Pierrot
27,Tamon's B-Side,"['Comedy', 'Romance']",J.C.STAFF
28,Hunter x Hunter (2011),"['Action', 'Adventure', 'Fantasy']",MADHOUSE
29,Easygoing Territory Defense by the Optimistic Lord,"['Adventure', 'Fantasy']",NAZ
30,JUJUTSU KAISEN,"['Action', 'Drama', 'Supernatural']",MAPPA
31,JUJUTSU KAISEN Season 2,"['Action', 'Drama', 'Supernatural']",MAPPA
32,Attack on Titan,"['Action', 'Drama', 'Fantasy', 'Mystery']",WIT STUDIO
33,Black Clover,"['Action', 'Adventure', 'Comedy', 'Fantasy']",Studio Pierrot
34,My Hero Academia: Vigilantes Season 2,"['Action', 'Adventure', 'Drama', 'Fantasy']",bones film
35,Demon Slayer: Kimetsu no Yaiba,"['Action', 'Adventure', 'Drama', 'Fantasy', 'Supernatural']",ufotable
36,"There was a Cute Girl in the Hero’s Party, so I Tried Confessing to Her","['Adventure', 'Comedy', 'Fantasy', 'Romance']",Gekkou
37,Naruto: Shippuden,"['Action', 'Adventure', 'Comedy', 'Drama', 'Fantasy', 'Supernatural']",Studio Pierrot
38,Death Note,"['Mystery', 'Psychological', 'Supernatural', 'Thriller']",MADHOUSE
39,Chainsaw Man,"['Action', 'Drama', 'Horror', 'Supernatural']",MAPPA
40,The Invisible Man and His Soon-to-Be Wife,"['Comedy', 'Romance', 'Supernatural']",project No.9
41,The Apothecary Diaries,"['Drama', 'Mystery']","OLM, TOHO animation STUDIO"
42,Re:ZERO -Starting Life in Another World-,"['Action', 'Adventure', 'Drama', 'Fantasy', 'Psychological', 'Romance', 'Thriller']",WHITE FOX
43,My Hero Academia,"['Action', 'Adventure', 'Comedy']",bones
44,ROLL OVER AND DIE: I Will Fight for an Ordinary Life with My Love and Cursed Sword!,"['Action', 'Adventure', 'Drama', 'Fantasy', 'Horror']",A.C.G.T.
45,Chainsaw Man – The Movie: Reze Arc,"['Action', 'Drama', 'Horror', 'Romance', 'Supernatural']",MAPPA
46,Fullmetal Alchemist: Brotherhood,"['Action', 'Adventure', 'Drama', 'Fantasy']",bones
47,BEASTARS Final Season Part 2,"['Drama', 'Mystery', 'Psychological', 'Slice of Life']",Orange
48,Journal with Witch,"['Drama', 'Slice of Life']",Shuka
49,The Apothecary Diaries Season 2,"['Drama', 'Mystery']","TOHO animation STUDIO, OLM"
50,Tune In to the Midnight Heart,"['Comedy', 'Romance']",Gekkou
Rank,Title,Genre,Studio
1,Hell’s Paradise Season 2,"['Action', 'Adventure', 'Mystery', 'Supernatural']",MAPPA
2,You and I Are Polar Opposites,"['Comedy', 'Drama', 'Romance', 'Slice of Life']",Lapin Track
3,Frieren: Beyond Journey’s End Season 2,"['Adventure', 'Drama', 'Fantasy']",MADHOUSE
4,JUJUTSU KAISEN Season 3: The Culling Game Part 1,"['Action', 'Drama', 'Supernatural']",MAPPA
5,"Noble Reincarnation: Born Blessed, So I'll Obtain Ultimate Power","['Action', 'Adventure', 'Fantasy']",CompTown
6,Kunon the Sorcerer Can See,"['Action', 'Adventure', 'Fantasy']",Platinum Vision
7,Journal with Witch,"['Drama', 'Slice of Life']",Shuka
8,Sentenced to Be a Hero,"['Action', 'Comedy', 'Drama', 'Fantasy']",Studio KAI
9,Fate/strange Fake,"['Action', 'Adventure', 'Fantasy', 'Mystery', 'Supernatural']",A-1 Pictures
10,ONE PIECE,"['Action', 'Adventure', 'Comedy', 'Drama', 'Fantasy']",Toei Animation
11,Fire Force Season 3 Part 2,"['Action', 'Drama', 'Sci-Fi', 'Supernatural']",David Production
12,【OSHI NO KO】Season 3,"['Drama', 'Mystery', 'Psychological', 'Supernatural']",Doga Kobo
13,In the Clear Moonlit Dusk,"['Romance', 'Slice of Life']","East Fish Studio, Atelier Peuplier"
14,Kaya-chan Isn't Scary,"['Comedy', 'Horror', 'Slice of Life']",East Fish Studio
15,Hana-Kimi,"['Comedy', 'Drama', 'Romance', 'Slice of Life']",Signal.MD
16,"Jack-of-All-Trades, Party of None","['Action', 'Adventure', 'Fantasy']",animation studio42
17,To Your Eternity Season 3,"['Adventure', 'Drama', 'Fantasy', 'Psychological', 'Supernatural']","Drive, Studio Massket"
18,Medalist Season 2,"['Drama', 'Psychological', 'Sports']",ENGI
19,HELL MODE: The Hardcore Gamer Dominates in Another World with Garbage Balancing,"['Action', 'Adventure', 'Fantasy']",Yokohama Animation Lab
20,The Villainess Is Adored by the Prince of the Neighbor Kingdom,"['Fantasy', 'Romance']",Studio DEEN
21,Frieren: Beyond Journey’s End,"['Adventure', 'Drama', 'Fantasy']",MADHOUSE
22,Reincarnated as a Dragon Hatchling,"['Action', 'Adventure', 'Fantasy']","GA-CREW, Felix Film"
23,Rooster Fighter,"['Action', 'Adventure', 'Comedy', 'Supernatural']",SANZIGEN
24,Chained Soldier Season 2,"['Action', 'Adventure', 'Drama', 'Ecchi', 'Fantasy', 'Romance']","Passione, Hayabusa Film"
25,Gachiakuta,"['Action', 'Drama', 'Fantasy']",bones film
26,Hunter x Hunter (2011),"['Action', 'Adventure', 'Fantasy']",MADHOUSE
27,SHIBOYUGI: Playing Death Games to Put Food on the Table,"['Action', 'Drama', 'Mystery', 'Thriller']",Studio DEEN
28,JUJUTSU KAISEN,"['Action', 'Drama', 'Supernatural']",MAPPA
29,Bleach,"['Action', 'Adventure', 'Supernatural']",Studio Pierrot
30,Tamon's B-Side,"['Comedy', 'Romance']",J.C.STAFF
31,GNOSIA,"['Drama', 'Mystery', 'Sci-Fi', 'Thriller']",domerica
32,Boku no Kokoro no Yabai Yatsu 3rd Season,"['Comedy', 'Romance', 'Slice of Life']",
33,Black Clover,"['Action', 'Adventure', 'Comedy', 'Fantasy']",Studio Pierrot
34,JUJUTSU KAISEN Season 2,"['Action', 'Drama', 'Supernatural']",MAPPA
35,Dead Account,"['Action', 'Supernatural']",SynergySP
36,DIGIMON BEATBREAK,"['Action', 'Adventure', 'Fantasy', 'Sci-Fi']",Toei Animation
37,My Hero Academia: Vigilantes Season 2,"['Action', 'Adventure', 'Drama', 'Fantasy']",bones film
38,Hell’s Paradise,"['Action', 'Adventure', 'Mystery', 'Supernatural']",MAPPA
39,Death Note,"['Mystery', 'Psychological', 'Supernatural', 'Thriller']",MADHOUSE
40,Fullmetal Alchemist: Brotherhood,"['Action', 'Adventure', 'Drama', 'Fantasy']",bones
41,Tojima Wants to Be a Kamen Rider,"['Action', 'Comedy']",LIDENFILMS
42,BEASTARS Final Season Part 2,"['Drama', 'Mystery', 'Psychological', 'Slice of Life']",Orange
43,Attack on Titan,"['Action', 'Drama', 'Fantasy', 'Mystery']",WIT STUDIO
44,Easygoing Territory Defense by the Optimistic Lord,"['Adventure', 'Fantasy']",NAZ
45,TRIGUN STARGAZE,"['Action', 'Comedy', 'Drama', 'Sci-Fi']",Orange
46,Tune In to the Midnight Heart,"['Comedy', 'Romance']",Gekkou
47,ROLL OVER AND DIE: I Will Fight for an Ordinary Life with My Love and Cursed Sword!,"['Action', 'Adventure', 'Drama', 'Fantasy', 'Horror']",A.C.G.T.
48,The Apothecary Diaries,"['Drama', 'Mystery']","OLM, TOHO animation STUDIO"
49,Demon Slayer: Kimetsu no Yaiba,"['Action', 'Adventure', 'Drama', 'Fantasy', 'Supernatural']",ufotable
50,Neon Genesis Evangelion,"['Action', 'Drama', 'Mecha', 'Mystery', 'Psychological', 'Sci-Fi']","Gainax, Tatsunoko Production"
Rank,Title,Genre,Studio
1,Hell’s Paradise Season 2,"['Action', 'Adventure', 'Mystery', 'Supernatural']",MAPPA
2,Frieren: Beyond Journey’s End Season 2,"['Adventure', 'Drama', 'Fantasy']",MADHOUSE
3,JUJUTSU KAISEN Season 3: The Culling Game Part 1,"['Action', 'Drama', 'Supernatural']",MAPPA
4,You and I Are Polar Opposites,"['Comedy', 'Drama', 'Romance', 'Slice of Life']",Lapin Track
5,My Hero Academia: Vigilantes Season 2,"['Action', 'Adventure', 'Drama', 'Fantasy']",bones film
6,ONE PIECE,"['Action', 'Adventure', 'Comedy', 'Drama', 'Fantasy']",Toei Animation
7,Sentenced to Be a Hero,"['Action', 'Comedy', 'Drama', 'Fantasy']",Studio KAI
8,Golden Kamuy Final Season,"['Action', 'Adventure', 'Comedy']",Brain's Base
9,Wash It All Away,"['Comedy', 'Romance', 'Slice of Life']",Okuruto Noboru
10,You Can't Be In a Rom-Com with Your Childhood Friends!,"['Comedy', 'Romance']",Tezuka Productions
11,Journal with Witch,"['Drama', 'Slice of Life']",Shuka
12,Kunon the Sorcerer Can See,"['Action', 'Adventure', 'Fantasy']",Platinum Vision
13,Fate/strange Fake,"['Action', 'Adventure', 'Fantasy', 'Mystery', 'Supernatural']",A-1 Pictures
14,"Noble Reincarnation: Born Blessed, So I'll Obtain Ultimate Power","['Action', 'Adventure', 'Fantasy']",CompTown
15,Fire Force Season 3 Part 2,"['Action', 'Drama', 'Sci-Fi', 'Supernatural']",David Production
16,【OSHI NO KO】Season 3,"['Drama', 'Mystery', 'Psychological', 'Supernatural']",Doga Kobo
17,"'Tis Time for ""Torture,"" Princess Season 2","['Comedy', 'Fantasy']",PINE JAM
18,In the Clear Moonlit Dusk,"['Romance', 'Slice of Life']","East Fish Studio, Atelier Peuplier"
19,Release that Witch,"['Action', 'Adventure', 'Fantasy', 'Romance']",Thundray
20,HELL MODE: The Hardcore Gamer Dominates in Another World with Garbage Balancing,"['Action', 'Adventure', 'Fantasy']",Yokohama Animation Lab
21,"Jack-of-All-Trades, Party of None","['Action', 'Adventure', 'Fantasy']",animation studio42
22,Medalist Season 2,"['Drama', 'Psychological', 'Sports']",ENGI
23,To Your Eternity Season 3,"['Adventure', 'Drama', 'Fantasy', 'Psychological', 'Supernatural']","Drive, Studio Massket"
24,Frieren: Beyond Journey’s End,"['Adventure', 'Drama', 'Fantasy']",MADHOUSE
25,SHIBOYUGI: Playing Death Games to Put Food on the Table,"['Action', 'Drama', 'Mystery', 'Thriller']",Studio DEEN
26,Rooster Fighter,"['Action', 'Adventure', 'Comedy', 'Supernatural']",SANZIGEN
27,Gachiakuta,"['Action', 'Drama', 'Fantasy']",bones film
28,Tamon's B-Side,"['Comedy', 'Romance']",J.C.STAFF
29,Hana-Kimi,"['Comedy', 'Drama', 'Romance', 'Slice of Life']",Signal.MD
30,Bleach,"['Action', 'Adventure', 'Supernatural']",Studio Pierrot
31,JUJUTSU KAISEN Season 2,"['Action', 'Drama', 'Supernatural']",MAPPA
32,JUJUTSU KAISEN,"['Action', 'Drama', 'Supernatural']",MAPPA
33,BEASTARS Final Season Part 2,"['Drama', 'Mystery', 'Psychological', 'Slice of Life']",Orange
34,Reincarnated as a Dragon Hatchling,"['Action', 'Adventure', 'Fantasy']","GA-CREW, Felix Film"
35,Hunter x Hunter (2011),"['Action', 'Adventure', 'Fantasy']",MADHOUSE
36,The Apothecary Diaries Season 2,"['Drama', 'Mystery']","TOHO animation STUDIO, OLM"
37,Black Clover,"['Action', 'Adventure', 'Comedy', 'Fantasy']",Studio Pierrot
38,Neon Genesis Evangelion,"['Action', 'Drama', 'Mecha', 'Mystery', 'Psychological', 'Sci-Fi']","Gainax, Tatsunoko Production"
39,ROLL OVER AND DIE: I Will Fight for an Ordinary Life with My Love and Cursed Sword!,"['Action', 'Adventure', 'Drama', 'Fantasy', 'Horror']",A.C.G.T.
40,GNOSIA,"['Drama', 'Mystery', 'Sci-Fi', 'Thriller']",domerica
41,Fullmetal Alchemist: Brotherhood,"['Action', 'Adventure', 'Drama', 'Fantasy']",bones
42,TRIGUN STARGAZE,"['Action', 'Comedy', 'Drama', 'Sci-Fi']",Orange
43,Attack on Titan,"['Action', 'Drama', 'Fantasy', 'Mystery']",WIT STUDIO
44,Sekiro: No Defeat,"['Action', 'Adventure', 'Fantasy', 'Supernatural']",Qzil.la
45,Dead Account,"['Action', 'Supernatural']",SynergySP
46,Kaya-chan Isn't Scary,"['Comedy', 'Horror', 'Slice of Life']",East Fish Studio
47,Chained Soldier Season 2,"['Action', 'Adventure', 'Drama', 'Ecchi', 'Fantasy', 'Romance']","Passione, Hayabusa Film"
48,Hell’s Paradise,"['Action', 'Adventure', 'Mystery', 'Supernatural']",MAPPA
49,The Villainess Is Adored by the Prince of the Neighbor Kingdom,"['Fantasy', 'Romance']",Studio DEEN
50,Naruto,"['Action', 'Adventure', 'Comedy', 'Drama', 'Fantasy', 'Supernatural']",Studio Pierrot
Rank,Title,Genre,Studio
1,ONE PIECE,"['Action', 'Adventure', 'Comedy', 'Drama', 'Fantasy']",Toei Animation
2,"There was a Cute Girl in the Hero’s Party, so I Tried Confessing to Her","['Adventure', 'Comedy', 'Fantasy', 'Romance']",Gekkou
3,Hell’s Paradise Season 2,"['Action', 'Adventure', 'Mystery', 'Supernatural']",MAPPA
4,Tune In to the Midnight Heart,"['Comedy', 'Romance']",Gekkou
5,Frieren: Beyond Journey’s End Season 2,"['Adventure', 'Drama', 'Fantasy']",MADHOUSE
6,JUJUTSU KAISEN Season 3: The Culling Game Part 1,"['Action', 'Drama', 'Supernatural']",MAPPA
7,You and I Are Polar Opposites,"['Comedy', 'Drama', 'Romance', 'Slice of Life']",Lapin Track
8,Sentenced to Be a Hero,"['Action', 'Comedy', 'Drama', 'Fantasy']",Studio KAI
9,The Demon King's Daughter is Too Kind!!,"['Comedy', 'Fantasy', 'Slice of Life']",EMT Squared
10,The Darwin Incident,"['Sci-Fi', 'Thriller']",BELLNOX FILMS
11,Isekai Office Worker: The Other World's Books Depend on the Bean Counter,"['Adventure', 'Fantasy', 'Romance', 'Slice of Life']",Studio DEEN
12,My Hero Academia: Vigilantes Season 2,"['Action', 'Adventure', 'Drama', 'Fantasy']",bones film
13,Journal with Witch,"['Drama', 'Slice of Life']",Shuka
14,Fate/strange Fake,"['Action', 'Adventure', 'Fantasy', 'Mystery', 'Supernatural']",A-1 Pictures
15,Fire Force Season 3 Part 2,"['Action', 'Drama', 'Sci-Fi', 'Supernatural']",David Production
16,Gachiakuta,"['Action', 'Drama', 'Fantasy']",bones film
17,【OSHI NO KO】Season 3,"['Drama', 'Mystery', 'Psychological', 'Supernatural']",Doga Kobo
18,"Noble Reincarnation: Born Blessed, So I'll Obtain Ultimate Power","['Action', 'Adventure', 'Fantasy']",CompTown
19,"Jack-of-All-Trades, Party of None","['Action', 'Adventure', 'Fantasy']",animation studio42
20,Kunon the Sorcerer Can See,"['Action', 'Adventure', 'Fantasy']",Platinum Vision
21,Frieren: Beyond Journey’s End,"['Adventure', 'Drama', 'Fantasy']",MADHOUSE
22,The Case Book of Arne,['Mystery'],SILVER LINK.
23,Black Clover,"['Action', 'Adventure', 'Comedy', 'Fantasy']",Studio Pierrot
24,Bleach,"['Action', 'Adventure', 'Supernatural']",Studio Pierrot
25,JUJUTSU KAISEN Season 2,"['Action', 'Drama', 'Supernatural']",MAPPA
26,Hunter x Hunter (2011),"['Action', 'Adventure', 'Fantasy']",MADHOUSE
27,Golden Kamuy Final Season,"['Action', 'Adventure', 'Comedy']",Brain's Base
28,JUJUTSU KAISEN,"['Action', 'Drama', 'Supernatural']",MAPPA
29,Naruto: Shippuden,"['Action', 'Adventure', 'Comedy', 'Drama', 'Fantasy', 'Supernatural']",Studio Pierrot
30,Naruto,"['Action', 'Adventure', 'Comedy', 'Drama', 'Fantasy', 'Supernatural']",Studio Pierrot
31,Rooster Fighter,"['Action', 'Adventure', 'Comedy', 'Supernatural']",SANZIGEN
32,Hell’s Paradise,"['Action', 'Adventure', 'Mystery', 'Supernatural']",MAPPA
33,HELL MODE: The Hardcore Gamer Dominates in Another World with Garbage Balancing,"['Action', 'Adventure', 'Fantasy']",Yokohama Animation Lab
34,You Can't Be In a Rom-Com with Your Childhood Friends!,"['Comedy', 'Romance']",Tezuka Productions
35,Wash It All Away,"['Comedy', 'Romance', 'Slice of Life']",Okuruto Noboru
36,To Your Eternity Season 3,"['Adventure', 'Drama', 'Fantasy', 'Psychological', 'Supernatural']","Drive, Studio Massket"
37,Medalist Season 2,"['Drama', 'Psychological', 'Sports']",ENGI
38,The Apothecary Diaries,"['Drama', 'Mystery']","OLM, TOHO animation STUDIO"
39,Neon Genesis Evangelion,"['Action', 'Drama', 'Mecha', 'Mystery', 'Psychological', 'Sci-Fi']","Gainax, Tatsunoko Production"
40,Fullmetal Alchemist: Brotherhood,"['Action', 'Adventure', 'Drama', 'Fantasy']",bones
41,SHIBOYUGI: Playing Death Games to Put Food on the Table,"['Action', 'Drama', 'Mystery', 'Thriller']",Studio DEEN
42,Attack on Titan,"['Action', 'Drama', 'Fantasy', 'Mystery']",WIT STUDIO
43,In the Clear Moonlit Dusk,"['Romance', 'Slice of Life']","East Fish Studio, Atelier Peuplier"
44,Death Note,"['Mystery', 'Psychological', 'Supernatural', 'Thriller']",MADHOUSE
45,Tojima Wants to Be a Kamen Rider,"['Action', 'Comedy']",LIDENFILMS
46,GNOSIA,"['Drama', 'Mystery', 'Sci-Fi', 'Thriller']",domerica
47,"'Tis Time for ""Torture,"" Princess Season 2","['Comedy', 'Fantasy']",PINE JAM
48,Tamon's B-Side,"['Comedy', 'Romance']",J.C.STAFF
49,Solo Leveling Season 2 -Arise from the Shadow-,"['Action', 'Adventure', 'Fantasy']",A-1 Pictures
50,Chained Soldier Season 2,"['Action', 'Adventure', 'Drama', 'Ecchi', 'Fantasy', 'Romance']","Passione, Hayabusa Film"
Rank,Title,Genre,Studio
1,【OSHI NO KO】Season 3,"['Drama', 'Mystery', 'Psychological', 'Supernatural']",Doga Kobo
2,"Jack-of-All-Trades, Party of None","['Action', 'Adventure', 'Fantasy']",animation studio42
3,SHIBOYUGI: Playing Death Games to Put Food on the Table,"['Action', 'Drama', 'Mystery', 'Thriller']",Studio DEEN
4,Easygoing Territory Defense by the Optimistic Lord,"['Adventure', 'Fantasy']",NAZ
5,Tamon's B-Side,"['Comedy', 'Romance']",J.C.STAFF
6,ONE PIECE,"['Action', 'Adventure', 'Comedy', 'Drama', 'Fantasy']",Toei Animation
7,Frieren: Beyond Journey’s End Season 2,"['Adventure', 'Drama', 'Fantasy']",MADHOUSE
8,JUJUTSU KAISEN Season 3: The Culling Game Part 1,"['Action', 'Drama', 'Supernatural']",MAPPA
9,Hell’s Paradise Season 2,"['Action', 'Adventure', 'Mystery', 'Supernatural']",MAPPA
10,An Adventurer’s Daily Grind at Age 29,"['Adventure', 'Fantasy', 'Slice of Life']",HORNETS
11,You and I Are Polar Opposites,"['Comedy', 'Drama', 'Romance', 'Slice of Life']",Lapin Track
12,Sentenced to Be a Hero,"['Action', 'Comedy', 'Drama', 'Fantasy']",Studio KAI
13,Tune In to the Midnight Heart,"['Comedy', 'Romance']",Gekkou
14,"There was a Cute Girl in the Hero’s Party, so I Tried Confessing to Her","['Adventure', 'Comedy', 'Fantasy', 'Romance']",Gekkou
15,A Gentle Noble's Vacation Recommendation,"['Adventure', 'Fantasy', 'Slice of Life']","Ascension, SynergySP"
16,Fire Force Season 3 Part 2,"['Action', 'Drama', 'Sci-Fi', 'Supernatural']",David Production
17,Fate/strange Fake,"['Action', 'Adventure', 'Fantasy', 'Mystery', 'Supernatural']",A-1 Pictures
18,The Darwin Incident,"['Sci-Fi', 'Thriller']",BELLNOX FILMS
19,Bleach,"['Action', 'Adventure', 'Supernatural']",Studio Pierrot
20,Gachiakuta,"['Action', 'Drama', 'Fantasy']",bones film
21,My Hero Academia: Vigilantes Season 2,"['Action', 'Adventure', 'Drama', 'Fantasy']",bones film
22,Frieren: Beyond Journey’s End,"['Adventure', 'Drama', 'Fantasy']",MADHOUSE
23,Hunter x Hunter (2011),"['Action', 'Adventure', 'Fantasy']",MADHOUSE
24,Fullmetal Alchemist: Brotherhood,"['Action', 'Adventure', 'Drama', 'Fantasy']",bones
25,Hell’s Paradise,"['Action', 'Adventure', 'Mystery', 'Supernatural']",MAPPA
26,Attack on Titan,"['Action', 'Drama', 'Fantasy', 'Mystery']",WIT STUDIO
27,The Demon King's Daughter is Too Kind!!,"['Comedy', 'Fantasy', 'Slice of Life']",EMT Squared
28,HELL MODE: The Hardcore Gamer Dominates in Another World with Garbage Balancing,"['Action', 'Adventure', 'Fantasy']",Yokohama Animation Lab
29,Journal with Witch,"['Drama', 'Slice of Life']",Shuka
30,JUJUTSU KAISEN,"['Action', 'Drama', 'Supernatural']",MAPPA
31,Chainsaw Man,"['Action', 'Drama', 'Horror', 'Supernatural']",MAPPA
32,Death Note,"['Mystery', 'Psychological', 'Supernatural', 'Thriller']",MADHOUSE
33,Sword Art Online,"['Action', 'Adventure', 'Fantasy', 'Romance']",A-1 Pictures
34,Naruto,"['Action', 'Adventure', 'Comedy', 'Drama', 'Fantasy', 'Supernatural']",Studio Pierrot
35,You Can't Be In a Rom-Com with Your Childhood Friends!,"['Comedy', 'Romance']",Tezuka Productions
36,JUJUTSU KAISEN Season 2,"['Action', 'Drama', 'Supernatural']",MAPPA
37,Kunon the Sorcerer Can See,"['Action', 'Adventure', 'Fantasy']",Platinum Vision
38,"Noble Reincarnation: Born Blessed, So I'll Obtain Ultimate Power","['Action', 'Adventure', 'Fantasy']",CompTown
39,Black Clover,"['Action', 'Adventure', 'Comedy', 'Fantasy']",Studio Pierrot
40,The Invisible Man and His Soon-to-Be Wife,"['Comedy', 'Romance', 'Supernatural']",project No.9
41,Isekai Office Worker: The Other World's Books Depend on the Bean Counter,"['Adventure', 'Fantasy', 'Romance', 'Slice of Life']",Studio DEEN
42,The Apothecary Diaries Season 2,"['Drama', 'Mystery']","TOHO animation STUDIO, OLM"
43,Re:ZERO -Starting Life in Another World-,"['Action', 'Adventure', 'Drama', 'Fantasy', 'Psychological', 'Romance', 'Thriller']",WHITE FOX
44,Naruto: Shippuden,"['Action', 'Adventure', 'Comedy', 'Drama', 'Fantasy', 'Supernatural']",Studio Pierrot
45,BEASTARS Final Season Part 2,"['Drama', 'Mystery', 'Psychological', 'Slice of Life']",Orange
46,Kaguya-sama: Love is War,"['Comedy', 'Psychological', 'Romance', 'Slice of Life']",A-1 Pictures
47,In the Clear Moonlit Dusk,"['Romance', 'Slice of Life']","East Fish Studio, Atelier Peuplier"
48,GNOSIA,"['Drama', 'Mystery', 'Sci-Fi', 'Thriller']",domerica
49,That Time I Got Reincarnated as a Slime Season 3,"['Action', 'Adventure', 'Comedy', 'Fantasy']",8-bit
50,Solo Leveling,"['Action', 'Adventure', 'Fantasy']",A-1 Pictures
Rank,Title,Genre,Studio
1,JUJUTSU KAISEN Season 3: The Culling Game Part 1,"['Action', 'Drama', 'Supernatural']",MAPPA
2,STEEL BALL RUN JoJo's Bizarre Adventure,"['Action', 'Adventure', 'Drama', 'Mystery', 'Supernatural']",David Production
3,Sentenced to Be a Hero,"['Action', 'Comedy', 'Drama', 'Fantasy']",Studio KAI
4,【OSHI NO KO】Season 3,"['Drama', 'Mystery', 'Psychological', 'Supernatural']",Doga Kobo
5,"Jack-of-All-Trades, Party of None","['Action', 'Adventure', 'Fantasy']",animation studio42
6,Chained Soldier Season 2,"['Action', 'Adventure', 'Drama', 'Ecchi', 'Fantasy', 'Romance']","Passione, Hayabusa Film"
7,ONE PIECE,"['Action', 'Adventure', 'Comedy', 'Drama', 'Fantasy']",Toei Animation
8,ROLL OVER AND DIE: I Will Fight for an Ordinary Life with My Love and Cursed Sword!,"['Action', 'Adventure', 'Drama', 'Fantasy', 'Horror']",A.C.G.T.
9,Hell’s Paradise Season 2,"['Action', 'Adventure', 'Mystery', 'Supernatural']",MAPPA
10,Frieren: Beyond Journey’s End Season 2,"['Adventure', 'Drama', 'Fantasy']",MADHOUSE
11,Champignon Witch,"['Drama', 'Fantasy', 'Supernatural']","Qzil.la, TYPHOON GRAPHICS"
12,The Holy Grail of Eris,"['Drama', 'Fantasy', 'Mystery', 'Romance', 'Supernatural']",Ashi Productions
13,SHIBOYUGI: Playing Death Games to Put Food on the Table,"['Action', 'Drama', 'Mystery', 'Thriller']",Studio DEEN
14,Easygoing Territory Defense by the Optimistic Lord,"['Adventure', 'Fantasy']",NAZ
15,Tamon's B-Side,"['Comedy', 'Romance']",J.C.STAFF
16,MF GHOST Season 3,['Sports'],Felix Film
17,The Invisible Man and His Soon-to-Be Wife,"['Comedy', 'Romance', 'Supernatural']",project No.9
18,You and I Are Polar Opposites,"['Comedy', 'Drama', 'Romance', 'Slice of Life']",Lapin Track
19,Fate/strange Fake,"['Action', 'Adventure', 'Fantasy', 'Mystery', 'Supernatural']",A-1 Pictures
20,Bleach,"['Action', 'Adventure', 'Supernatural']",Studio Pierrot
21,Frieren: Beyond Journey’s End,"['Adventure', 'Drama', 'Fantasy']",MADHOUSE
22,"Anyway, I'm Falling in Love with You. Season 2","['Drama', 'Romance']",TYPHOON GRAPHICS
23,Fire Force Season 3 Part 2,"['Action', 'Drama', 'Sci-Fi', 'Supernatural']",David Production
24,My Hero Academia: Vigilantes Season 2,"['Action', 'Adventure', 'Drama', 'Fantasy']",bones film
25,An Adventurer’s Daily Grind at Age 29,"['Adventure', 'Fantasy', 'Slice of Life']",HORNETS
26,Gachiakuta,"['Action', 'Drama', 'Fantasy']",bones film
27,Journal with Witch,"['Drama', 'Slice of Life']",Shuka
28,JUJUTSU KAISEN,"['Action', 'Drama', 'Supernatural']",MAPPA
29,Naruto: Shippuden,"['Action', 'Adventure', 'Comedy', 'Drama', 'Fantasy', 'Supernatural']",Studio Pierrot
30,"There was a Cute Girl in the Hero’s Party, so I Tried Confessing to Her","['Adventure', 'Comedy', 'Fantasy', 'Romance']",Gekkou
31,Tune In to the Midnight Heart,"['Comedy', 'Romance']",Gekkou
32,HELL MODE: The Hardcore Gamer Dominates in Another World with Garbage Balancing,"['Action', 'Adventure', 'Fantasy']",Yokohama Animation Lab
33,Naruto,"['Action', 'Adventure', 'Comedy', 'Drama', 'Fantasy', 'Supernatural']",Studio Pierrot
34,"Noble Reincarnation: Born Blessed, So I'll Obtain Ultimate Power","['Action', 'Adventure', 'Fantasy']",CompTown
35,Black Clover,"['Action', 'Adventure', 'Comedy', 'Fantasy']",Studio Pierrot
36,The Apothecary Diaries,"['Drama', 'Mystery']","OLM, TOHO animation STUDIO"
37,JUJUTSU KAISEN Season 2,"['Action', 'Drama', 'Supernatural']",MAPPA
38,Fullmetal Alchemist: Brotherhood,"['Action', 'Adventure', 'Drama', 'Fantasy']",bones
39,Death Note,"['Mystery', 'Psychological', 'Supernatural', 'Thriller']",MADHOUSE
40,Hunter x Hunter (2011),"['Action', 'Adventure', 'Fantasy']",MADHOUSE
41,BEASTARS Final Season Part 2,"['Drama', 'Mystery', 'Psychological', 'Slice of Life']",Orange
42,Kunon the Sorcerer Can See,"['Action', 'Adventure', 'Fantasy']",Platinum Vision
43,JoJo's Bizarre Adventure: STONE OCEAN Part 2,"['Action', 'Adventure', 'Drama', 'Supernatural']",David Production
44,Demon Slayer: Kimetsu no Yaiba,"['Action', 'Adventure', 'Drama', 'Fantasy', 'Supernatural']",ufotable
45,In the Clear Moonlit Dusk,"['Romance', 'Slice of Life']","East Fish Studio, Atelier Peuplier"
46,JoJo's Bizarre Adventure (TV),"['Action', 'Adventure', 'Supernatural']",David Production
47,A Gentle Noble's Vacation Recommendation,"['Adventure', 'Fantasy', 'Slice of Life']","Ascension, SynergySP"
48,Rooster Fighter,"['Action', 'Adventure', 'Comedy', 'Supernatural']",SANZIGEN
49,BAKI-DOU: The Invincible Samurai,"['Action', 'Sports']",TMS Entertainment
50,Attack on Titan,"['Action', 'Drama', 'Fantasy', 'Mystery']",WIT STUDIO
Rank,Title,Genre,Studio
1,Frieren: Beyond Journey’s End Season 2,"['Adventure', 'Drama', 'Fantasy']",MADHOUSE
2,JUJUTSU KAISEN Season 3: The Culling Game Part 1,"['Action', 'Drama', 'Supernatural']",MAPPA
3,Fire Force Season 3 Part 2,"['Action', 'Drama', 'Sci-Fi', 'Supernatural']",David Production
4,HELL MODE: The Hardcore Gamer Dominates in Another World with Garbage Balancing,"['Action', 'Adventure', 'Fantasy']",Yokohama Animation Lab
5,Sentenced to Be a Hero,"['Action', 'Comedy', 'Drama', 'Fantasy']",Studio KAI
6,STEEL BALL RUN JoJo's Bizarre Adventure,"['Action', 'Adventure', 'Drama', 'Mystery', 'Supernatural']",David Production
7,【OSHI NO KO】Season 3,"['Drama', 'Mystery', 'Psychological', 'Supernatural']",Doga Kobo
8,ONE PIECE,"['Action', 'Adventure', 'Comedy', 'Drama', 'Fantasy']",Toei Animation
9,"Jack-of-All-Trades, Party of None","['Action', 'Adventure', 'Fantasy']",animation studio42
10,Hell’s Paradise Season 2,"['Action', 'Adventure', 'Mystery', 'Supernatural']",MAPPA
11,Chained Soldier Season 2,"['Action', 'Adventure', 'Drama', 'Ecchi', 'Fantasy', 'Romance']","Passione, Hayabusa Film"
12,Tamon's B-Side,"['Comedy', 'Romance']",J.C.STAFF
13,SHIBOYUGI: Playing Death Games to Put Food on the Table,"['Action', 'Drama', 'Mystery', 'Thriller']",Studio DEEN
14,You and I Are Polar Opposites,"['Comedy', 'Drama', 'Romance', 'Slice of Life']",Lapin Track
15,Champignon Witch,"['Drama', 'Fantasy', 'Supernatural']","Qzil.la, TYPHOON GRAPHICS"
16,Frieren: Beyond Journey’s End,"['Adventure', 'Drama', 'Fantasy']",MADHOUSE
17,DARK MOON: THE BLOOD ALTAR,['Supernatural'],TROYCA
18,Fate/strange Fake,"['Action', 'Adventure', 'Fantasy', 'Mystery', 'Supernatural']",A-1 Pictures
19,Gachiakuta,"['Action', 'Drama', 'Fantasy']",bones film
20,Bleach,"['Action', 'Adventure', 'Supernatural']",Studio Pierrot
21,Easygoing Territory Defense by the Optimistic Lord,"['Adventure', 'Fantasy']",NAZ
22,ROLL OVER AND DIE: I Will Fight for an Ordinary Life with My Love and Cursed Sword!,"['Action', 'Adventure', 'Drama', 'Fantasy', 'Horror']",A.C.G.T.
23,Tune In to the Midnight Heart,"['Comedy', 'Romance']",Gekkou
24,MF GHOST Season 3,['Sports'],Felix Film
25,The Invisible Man and His Soon-to-Be Wife,"['Comedy', 'Romance', 'Supernatural']",project No.9
26,Journal with Witch,"['Drama', 'Slice of Life']",Shuka
27,Fullmetal Alchemist: Brotherhood,"['Action', 'Adventure', 'Drama', 'Fantasy']",bones
28,Hunter x Hunter (2011),"['Action', 'Adventure', 'Fantasy']",MADHOUSE
29,The Holy Grail of Eris,"['Drama', 'Fantasy', 'Mystery', 'Romance', 'Supernatural']",Ashi Productions
30,JUJUTSU KAISEN,"['Action', 'Drama', 'Supernatural']",MAPPA
31,An Adventurer’s Daily Grind at Age 29,"['Adventure', 'Fantasy', 'Slice of Life']",HORNETS
32,My Hero Academia: Vigilantes Season 2,"['Action', 'Adventure', 'Drama', 'Fantasy']",bones film
33,Naruto,"['Action', 'Adventure', 'Comedy', 'Drama', 'Fantasy', 'Supernatural']",Studio Pierrot
34,JUJUTSU KAISEN Season 2,"['Action', 'Drama', 'Supernatural']",MAPPA
35,Black Clover,"['Action', 'Adventure', 'Comedy', 'Fantasy']",Studio Pierrot
36,Death Note,"['Mystery', 'Psychological', 'Supernatural', 'Thriller']",MADHOUSE
37,"There was a Cute Girl in the Hero’s Party, so I Tried Confessing to Her","['Adventure', 'Comedy', 'Fantasy', 'Romance']",Gekkou
38,The Apothecary Diaries Season 2,"['Drama', 'Mystery']","TOHO animation STUDIO, OLM"
39,Naruto: Shippuden,"['Action', 'Adventure', 'Comedy', 'Drama', 'Fantasy', 'Supernatural']",Studio Pierrot
40,Rooster Fighter,"['Action', 'Adventure', 'Comedy', 'Supernatural']",SANZIGEN
41,Attack on Titan,"['Action', 'Drama', 'Fantasy', 'Mystery']",WIT STUDIO
42,Hell’s Paradise,"['Action', 'Adventure', 'Mystery', 'Supernatural']",MAPPA
43,JoJo's Bizarre Adventure (TV),"['Action', 'Adventure', 'Supernatural']",David Production
44,The Darwin Incident,"['Sci-Fi', 'Thriller']",BELLNOX FILMS
45,Chainsaw Man – The Movie: Reze Arc,"['Action', 'Drama', 'Horror', 'Romance', 'Supernatural']",MAPPA
46,The Apothecary Diaries,"['Drama', 'Mystery']","OLM, TOHO animation STUDIO"
47,Chainsaw Man,"['Action', 'Drama', 'Horror', 'Supernatural']",MAPPA
48,JoJo's Bizarre Adventure: STONE OCEAN Part 2,"['Action', 'Adventure', 'Drama', 'Supernatural']",David Production
49,Cyberpunk: Edgerunners,"['Action', 'Drama', 'Psychological', 'Sci-Fi']",TRIGGER
50,Monster,"['Drama', 'Horror', 'Mystery', 'Psychological', 'Thriller']",MADHOUSE
Rank,Title,Genre,Studio
1,Frieren: Beyond Journey’s End Season 2,"['Adventure', 'Drama', 'Fantasy']",MADHOUSE
2,JUJUTSU KAISEN Season 3: The Culling Game Part 1,"['Action', 'Drama', 'Supernatural']",MAPPA
3,Fate/strange Fake,"['Action', 'Adventure', 'Fantasy', 'Mystery', 'Supernatural']",A-1 Pictures
4,Medalist Season 2,"['Drama', 'Psychological', 'Sports']",ENGI
5,Fire Force Season 3 Part 2,"['Action', 'Drama', 'Sci-Fi', 'Supernatural']",David Production
6,Sentenced to Be a Hero,"['Action', 'Comedy', 'Drama', 'Fantasy']",Studio KAI
7,STEEL BALL RUN JoJo's Bizarre Adventure,"['Action', 'Adventure', 'Drama', 'Mystery', 'Supernatural']",David Production
8,ONE PIECE,"['Action', 'Adventure', 'Comedy', 'Drama', 'Fantasy']",Toei Animation
9,To Your Eternity Season 3,"['Adventure', 'Drama', 'Fantasy', 'Psychological', 'Supernatural']","Drive, Studio Massket"
10,Reincarnated as a Dragon Hatchling,"['Action', 'Adventure', 'Fantasy']","GA-CREW, Felix Film"
11,Tojima Wants to Be a Kamen Rider,"['Action', 'Comedy']",LIDENFILMS
12,【OSHI NO KO】Season 3,"['Drama', 'Mystery', 'Psychological', 'Supernatural']",Doga Kobo
13,HELL MODE: The Hardcore Gamer Dominates in Another World with Garbage Balancing,"['Action', 'Adventure', 'Fantasy']",Yokohama Animation Lab
14,TRIGUN STARGAZE,"['Action', 'Comedy', 'Drama', 'Sci-Fi']",Orange
15,Hell’s Paradise Season 2,"['Action', 'Adventure', 'Mystery', 'Supernatural']",MAPPA
16,Dead Account,"['Action', 'Supernatural']",SynergySP
17,"Jack-of-All-Trades, Party of None","['Action', 'Adventure', 'Fantasy']",animation studio42
18,You and I Are Polar Opposites,"['Comedy', 'Drama', 'Romance', 'Slice of Life']",Lapin Track
19,A Misanthrope Teaches a Class for Demi-Humans,"['Comedy', 'Drama', 'Fantasy', 'Romance', 'Slice of Life']",Asread
20,Scum of the Brave,"['Action', 'Comedy', 'Drama', 'Fantasy', 'Sci-Fi']",OLM
21,Chained Soldier Season 2,"['Action', 'Adventure', 'Drama', 'Ecchi', 'Fantasy', 'Romance']","Passione, Hayabusa Film"
22,SHIBOYUGI: Playing Death Games to Put Food on the Table,"['Action', 'Drama', 'Mystery', 'Thriller']",Studio DEEN
23,Frieren: Beyond Journey’s End,"['Adventure', 'Drama', 'Fantasy']",MADHOUSE
24,Easygoing Territory Defense by the Optimistic Lord,"['Adventure', 'Fantasy']",NAZ
25,The Invisible Man and His Soon-to-Be Wife,"['Comedy', 'Romance', 'Supernatural']",project No.9
26,Gachiakuta,"['Action', 'Drama', 'Fantasy']",bones film
27,Bleach,"['Action', 'Adventure', 'Supernatural']",Studio Pierrot
28,Hunter x Hunter (2011),"['Action', 'Adventure', 'Fantasy']",MADHOUSE
29,Journal with Witch,"['Drama', 'Slice of Life']",Shuka
30,Tamon's B-Side,"['Comedy', 'Romance']",J.C.STAFF
31,Naruto,"['Action', 'Adventure', 'Comedy', 'Drama', 'Fantasy', 'Supernatural']",Studio Pierrot
32,Champignon Witch,"['Drama', 'Fantasy', 'Supernatural']","Qzil.la, TYPHOON GRAPHICS"
33,Black Clover,"['Action', 'Adventure', 'Comedy', 'Fantasy']",Studio Pierrot
34,Naruto: Shippuden,"['Action', 'Adventure', 'Comedy', 'Drama', 'Fantasy', 'Supernatural']",Studio Pierrot
35,JUJUTSU KAISEN Season 2,"['Action', 'Drama', 'Supernatural']",MAPPA
36,JoJo's Bizarre Adventure (TV),"['Action', 'Adventure', 'Supernatural']",David Production
37,ROLL OVER AND DIE: I Will Fight for an Ordinary Life with My Love and Cursed Sword!,"['Action', 'Adventure', 'Drama', 'Fantasy', 'Horror']",A.C.G.T.
38,The Holy Grail of Eris,"['Drama', 'Fantasy', 'Mystery', 'Romance', 'Supernatural']",Ashi Productions
39,JUJUTSU KAISEN,"['Action', 'Drama', 'Supernatural']",MAPPA
40,Tune In to the Midnight Heart,"['Comedy', 'Romance']",Gekkou
41,"Noble Reincarnation: Born Blessed, So I'll Obtain Ultimate Power","['Action', 'Adventure', 'Fantasy']",CompTown
42,Medalist Movie,"['Drama', 'Psychological', 'Sports']",
43,"There was a Cute Girl in the Hero’s Party, so I Tried Confessing to Her","['Adventure', 'Comedy', 'Fantasy', 'Romance']",Gekkou
44,Fullmetal Alchemist: Brotherhood,"['Action', 'Adventure', 'Drama', 'Fantasy']",bones
45,Death Note,"['Mystery', 'Psychological', 'Supernatural', 'Thriller']",MADHOUSE
46,Kunon the Sorcerer Can See,"['Action', 'Adventure', 'Fantasy']",Platinum Vision
47,Chainsaw Man,"['Action', 'Drama', 'Horror', 'Supernatural']",MAPPA
48,GNOSIA,"['Drama', 'Mystery', 'Sci-Fi', 'Thriller']",domerica
49,My Hero Academia,"['Action', 'Adventure', 'Comedy']",bones
50,Attack on Titan,"['Action', 'Drama', 'Fantasy', 'Mystery']",WIT STUDIO
Rank,Title,Genre,Studio
1,Hell’s Paradise Season 2,"['Action', 'Adventure', 'Mystery', 'Supernatural']",MAPPA
2,Frieren: Beyond Journey’s End Season 2,"['Adventure', 'Drama', 'Fantasy']",MADHOUSE
3,JUJUTSU KAISEN Season 3: The Culling Game Part 1,"['Action', 'Drama', 'Supernatural']",MAPPA
4,You and I Are Polar Opposites,"['Comedy', 'Drama', 'Romance', 'Slice of Life']",Lapin Track
5,My Hero Academia: Vigilantes Season 2,"['Action', 'Adventure', 'Drama', 'Fantasy']",bones film
6,ONE PIECE,"['Action', 'Adventure', 'Comedy', 'Drama', 'Fantasy']",Toei Animation
7,You Can't Be In a Rom-Com with Your Childhood Friends!,"['Comedy', 'Romance']",Tezuka Productions
8,Sentenced to Be a Hero,"['Action', 'Comedy', 'Drama', 'Fantasy']",Studio KAI
9,"Noble Reincarnation: Born Blessed, So I'll Obtain Ultimate Power","['Action', 'Adventure', 'Fantasy']",CompTown
10,Journal with Witch,"['Drama', 'Slice of Life']",Shuka
11,Wash It All Away,"['Comedy', 'Romance', 'Slice of Life']",Okuruto Noboru
12,Kunon the Sorcerer Can See,"['Action', 'Adventure', 'Fantasy']",Platinum Vision
13,Golden Kamuy Final Season,"['Action', 'Adventure', 'Comedy']",Brain's Base
14,Fire Force Season 3 Part 2,"['Action', 'Drama', 'Sci-Fi', 'Supernatural']",David Production
15,Fate/strange Fake,"['Action', 'Adventure', 'Fantasy', 'Mystery', 'Supernatural']",A-1 Pictures
16,【OSHI NO KO】Season 3,"['Drama', 'Mystery', 'Psychological', 'Supernatural']",Doga Kobo
17,"'Tis Time for ""Torture,"" Princess Season 2","['Comedy', 'Fantasy']",PINE JAM
18,STEEL BALL RUN JoJo's Bizarre Adventure,"['Action', 'Adventure', 'Drama', 'Mystery', 'Supernatural']",David Production
19,In the Clear Moonlit Dusk,"['Romance', 'Slice of Life']","East Fish Studio, Atelier Peuplier"
20,"Jack-of-All-Trades, Party of None","['Action', 'Adventure', 'Fantasy']",animation studio42
21,Bleach,"['Action', 'Adventure', 'Supernatural']",Studio Pierrot
22,Release that Witch,"['Action', 'Adventure', 'Fantasy', 'Romance']",Thundray
23,HELL MODE: The Hardcore Gamer Dominates in Another World with Garbage Balancing,"['Action', 'Adventure', 'Fantasy']",Yokohama Animation Lab
24,SHIBOYUGI: Playing Death Games to Put Food on the Table,"['Action', 'Drama', 'Mystery', 'Thriller']",Studio DEEN
25,Medalist Season 2,"['Drama', 'Psychological', 'Sports']",ENGI
26,Tamon's B-Side,"['Comedy', 'Romance']",J.C.STAFF
27,TRIGUN STARGAZE,"['Action', 'Comedy', 'Drama', 'Sci-Fi']",Orange
28,JUJUTSU KAISEN,"['Action', 'Drama', 'Supernatural']",MAPPA
29,Hunter x Hunter (2011),"['Action', 'Adventure', 'Fantasy']",MADHOUSE
30,Yuusha Party wo Oidasareta Kiyou Binbou 2nd Season,"['Action', 'Adventure', 'Fantasy']",
31,Frieren: Beyond Journey’s End,"['Adventure', 'Drama', 'Fantasy']",MADHOUSE
32,Gachiakuta,"['Action', 'Drama', 'Fantasy']",bones film
33,To Your Eternity Season 3,"['Adventure', 'Drama', 'Fantasy', 'Psychological', 'Supernatural']","Drive, Studio Massket"
34,Rooster Fighter,"['Action', 'Adventure', 'Comedy', 'Supernatural']",SANZIGEN
35,JoJo's Bizarre Adventure (TV),"['Action', 'Adventure', 'Supernatural']",David Production
36,Naruto: Shippuden,"['Action', 'Adventure', 'Comedy', 'Drama', 'Fantasy', 'Supernatural']",Studio Pierrot
37,The Apothecary Diaries,"['Drama', 'Mystery']","OLM, TOHO animation STUDIO"
38,Death Note,"['Mystery', 'Psychological', 'Supernatural', 'Thriller']",MADHOUSE
39,Kaya-chan Isn't Scary,"['Comedy', 'Horror', 'Slice of Life']",East Fish Studio
40,Chained Soldier Season 2,"['Action', 'Adventure', 'Drama', 'Ecchi', 'Fantasy', 'Romance']","Passione, Hayabusa Film"
41,JUJUTSU KAISEN Season 2,"['Action', 'Drama', 'Supernatural']",MAPPA
42,Reincarnated as a Dragon Hatchling,"['Action', 'Adventure', 'Fantasy']","GA-CREW, Felix Film"
43,Fullmetal Alchemist: Brotherhood,"['Action', 'Adventure', 'Drama', 'Fantasy']",bones
44,Dead Account,"['Action', 'Supernatural']",SynergySP
45,The Apothecary Diaries Season 2,"['Drama', 'Mystery']","TOHO animation STUDIO, OLM"
46,Naruto,"['Action', 'Adventure', 'Comedy', 'Drama', 'Fantasy', 'Supernatural']",Studio Pierrot
47,Attack on Titan,"['Action', 'Drama', 'Fantasy', 'Mystery']",WIT STUDIO
48,Tune In to the Midnight Heart,"['Comedy', 'Romance']",Gekkou
49,Chainsaw Man,"['Action', 'Drama', 'Horror', 'Supernatural']",MAPPA
50,Black Clover,"['Action', 'Adventure', 'Comedy', 'Fantasy']",Studio Pierrot
Rank,Title,Genre,Studio
1,Tune In to the Midnight Heart,"['Comedy', 'Romance']",Gekkou
2,Hell’s Paradise Season 2,"['Action', 'Adventure', 'Mystery', 'Supernatural']",MAPPA
3,"There was a Cute Girl in the Hero’s Party, so I Tried Confessing to Her","['Adventure', 'Comedy', 'Fantasy', 'Romance']",Gekkou
4,JUJUTSU KAISEN Season 3: The Culling Game Part 1,"['Action', 'Drama', 'Supernatural']",MAPPA
5,ONE PIECE,"['Action', 'Adventure', 'Comedy', 'Drama', 'Fantasy']",Toei Animation
6,Frieren: Beyond Journey’s End Season 2,"['Adventure', 'Drama', 'Fantasy']",MADHOUSE
7,You and I Are Polar Opposites,"['Comedy', 'Drama', 'Romance', 'Slice of Life']",Lapin Track
8,Sentenced to Be a Hero,"['Action', 'Comedy', 'Drama', 'Fantasy']",Studio KAI
9,Mayonaka Heart Tune 2nd Season,"['Comedy', 'Romance']",
10,Isekai Office Worker: The Other World's Books Depend on the Bean Counter,"['Adventure', 'Fantasy', 'Romance', 'Slice of Life']",Studio DEEN
11,The Darwin Incident,"['Sci-Fi', 'Thriller']",BELLNOX FILMS
12,【OSHI NO KO】Season 3,"['Drama', 'Mystery', 'Psychological', 'Supernatural']",Doga Kobo
13,"Noble Reincarnation: Born Blessed, So I'll Obtain Ultimate Power","['Action', 'Adventure', 'Fantasy']",CompTown
14,Journal with Witch,"['Drama', 'Slice of Life']",Shuka
15,Fire Force Season 3 Part 2,"['Action', 'Drama', 'Sci-Fi', 'Supernatural']",David Production
16,Fate/strange Fake,"['Action', 'Adventure', 'Fantasy', 'Mystery', 'Supernatural']",A-1 Pictures
17,My Hero Academia: Vigilantes Season 2,"['Action', 'Adventure', 'Drama', 'Fantasy']",bones film
18,Kunon the Sorcerer Can See,"['Action', 'Adventure', 'Fantasy']",Platinum Vision
19,You Can't Be In a Rom-Com with Your Childhood Friends!,"['Comedy', 'Romance']",Tezuka Productions
20,STEEL BALL RUN JoJo's Bizarre Adventure,"['Action', 'Adventure', 'Drama', 'Mystery', 'Supernatural']",David Production
21,The Case Book of Arne,['Mystery'],SILVER LINK.
22,Bleach,"['Action', 'Adventure', 'Supernatural']",Studio Pierrot
23,"Jack-of-All-Trades, Party of None","['Action', 'Adventure', 'Fantasy']",animation studio42
24,Frieren: Beyond Journey’s End,"['Adventure', 'Drama', 'Fantasy']",MADHOUSE
25,Golden Kamuy Final Season,"['Action', 'Adventure', 'Comedy']",Brain's Base
26,Gachiakuta,"['Action', 'Drama', 'Fantasy']",bones film
27,Wash It All Away,"['Comedy', 'Romance', 'Slice of Life']",Okuruto Noboru
28,In the Clear Moonlit Dusk,"['Romance', 'Slice of Life']","East Fish Studio, Atelier Peuplier"
29,"'Tis Time for ""Torture,"" Princess Season 2","['Comedy', 'Fantasy']",PINE JAM
30,Black Clover,"['Action', 'Adventure', 'Comedy', 'Fantasy']",Studio Pierrot
31,SHIBOYUGI: Playing Death Games to Put Food on the Table,"['Action', 'Drama', 'Mystery', 'Thriller']",Studio DEEN
32,Chained Soldier Season 2,"['Action', 'Adventure', 'Drama', 'Ecchi', 'Fantasy', 'Romance']","Passione, Hayabusa Film"
33,HELL MODE: The Hardcore Gamer Dominates in Another World with Garbage Balancing,"['Action', 'Adventure', 'Fantasy']",Yokohama Animation Lab
34,Naruto: Shippuden,"['Action', 'Adventure', 'Comedy', 'Drama', 'Fantasy', 'Supernatural']",Studio Pierrot
35,JoJo's Bizarre Adventure (TV),"['Action', 'Adventure', 'Supernatural']",David Production
36,Hunter x Hunter (2011),"['Action', 'Adventure', 'Fantasy']",MADHOUSE
37,Medalist Season 2,"['Drama', 'Psychological', 'Sports']",ENGI
38,To Your Eternity Season 3,"['Adventure', 'Drama', 'Fantasy', 'Psychological', 'Supernatural']","Drive, Studio Massket"
39,JUJUTSU KAISEN,"['Action', 'Drama', 'Supernatural']",MAPPA
40,Tamon's B-Side,"['Comedy', 'Romance']",J.C.STAFF
41,Tenmaku no Jaadugar,['Drama'],Science SARU
42,Easygoing Territory Defense by the Optimistic Lord,"['Adventure', 'Fantasy']",NAZ
43,JUJUTSU KAISEN Season 2,"['Action', 'Drama', 'Supernatural']",MAPPA
44,Hell’s Paradise,"['Action', 'Adventure', 'Mystery', 'Supernatural']",MAPPA
45,Neon Genesis Evangelion,"['Action', 'Drama', 'Mecha', 'Mystery', 'Psychological', 'Sci-Fi']","Gainax, Tatsunoko Production"
46,Naruto,"['Action', 'Adventure', 'Comedy', 'Drama', 'Fantasy', 'Supernatural']",Studio Pierrot
47,DAN DA DAN Season 2,"['Action', 'Comedy', 'Drama', 'Romance', 'Sci-Fi', 'Supernatural']",Science SARU
48,Monster,"['Drama', 'Horror', 'Mystery', 'Psychological', 'Thriller']",MADHOUSE
49,Demon Slayer: Kimetsu no Yaiba,"['Action', 'Adventure', 'Drama', 'Fantasy', 'Supernatural']",ufotable
50,Attack on Titan,"['Action', 'Drama', 'Fantasy', 'Mystery']",WIT STUDIO
Rank,Title,Genre,Studio
1,【OSHI NO KO】Season 3,"['Drama', 'Mystery', 'Psychological', 'Supernatural']",Doga Kobo
2,[Oshi no Ko] Final Season,"['Drama', 'Mystery', 'Psychological', 'Supernatural']",Doga Kobo
3,Easygoing Territory Defense by the Optimistic Lord,"['Adventure', 'Fantasy']",NAZ
4,JUJUTSU KAISEN Season 3: The Culling Game Part 1,"['Action', 'Drama', 'Supernatural']",MAPPA
5,ONE PIECE,"['Action', 'Adventure', 'Comedy', 'Drama', 'Fantasy']",Toei Animation
6,Hell’s Paradise Season 2,"['Action', 'Adventure', 'Mystery', 'Supernatural']",MAPPA
7,Frieren: Beyond Journey’s End Season 2,"['Adventure', 'Drama', 'Fantasy']",MADHOUSE
8,An Adventurer’s Daily Grind at Age 29,"['Adventure', 'Fantasy', 'Slice of Life']",HORNETS
9,Sentenced to Be a Hero,"['Action', 'Comedy', 'Drama', 'Fantasy']",Studio KAI
10,Tune In to the Midnight Heart,"['Comedy', 'Romance']",Gekkou
11,A Gentle Noble's Vacation Recommendation,"['Adventure', 'Fantasy', 'Slice of Life']","Ascension, SynergySP"
12,You and I Are Polar Opposites,"['Comedy', 'Drama', 'Romance', 'Slice of Life']",Lapin Track
13,Fire Force Season 3 Part 2,"['Action', 'Drama', 'Sci-Fi', 'Supernatural']",David Production
14,"Jack-of-All-Trades, Party of None","['Action', 'Adventure', 'Fantasy']",animation studio42
15,"There was a Cute Girl in the Hero’s Party, so I Tried Confessing to Her","['Adventure', 'Comedy', 'Fantasy', 'Romance']",Gekkou
16,"Noble Reincarnation: Born Blessed, So I'll Obtain Ultimate Power","['Action', 'Adventure', 'Fantasy']",CompTown
17,Fate/strange Fake,"['Action', 'Adventure', 'Fantasy', 'Mystery', 'Supernatural']",A-1 Pictures
18,My Hero Academia: Vigilantes Season 2,"['Action', 'Adventure', 'Drama', 'Fantasy']",bones film
19,Kunon the Sorcerer Can See,"['Action', 'Adventure', 'Fantasy']",Platinum Vision
20,Gachiakuta,"['Action', 'Drama', 'Fantasy']",bones film
21,Bleach,"['Action', 'Adventure', 'Supernatural']",Studio Pierrot
22,STEEL BALL RUN JoJo's Bizarre Adventure,"['Action', 'Adventure', 'Drama', 'Mystery', 'Supernatural']",David Production
23,Isekai Office Worker: The Other World's Books Depend on the Bean Counter,"['Adventure', 'Fantasy', 'Romance', 'Slice of Life']",Studio DEEN
24,The Darwin Incident,"['Sci-Fi', 'Thriller']",BELLNOX FILMS
25,Journal with Witch,"['Drama', 'Slice of Life']",Shuka
26,Frieren: Beyond Journey’s End,"['Adventure', 'Drama', 'Fantasy']",MADHOUSE
27,To Your Eternity Season 3,"['Adventure', 'Drama', 'Fantasy', 'Psychological', 'Supernatural']","Drive, Studio Massket"
28,Hell Teacher: Jigoku Sensei Nube (2025) Part 2,"['Action', 'Comedy', 'Horror', 'Supernatural']",Studio KAI
29,Hunter x Hunter (2011),"['Action', 'Adventure', 'Fantasy']",MADHOUSE
30,JUJUTSU KAISEN,"['Action', 'Drama', 'Supernatural']",MAPPA
31,In the Clear Moonlit Dusk,"['Romance', 'Slice of Life']","East Fish Studio, Atelier Peuplier"
32,SHIBOYUGI: Playing Death Games to Put Food on the Table,"['Action', 'Drama', 'Mystery', 'Thriller']",Studio DEEN
33,Chained Soldier Season 2,"['Action', 'Adventure', 'Drama', 'Ecchi', 'Fantasy', 'Romance']","Passione, Hayabusa Film"
34,Black Clover,"['Action', 'Adventure', 'Comedy', 'Fantasy']",Studio Pierrot
35,JoJo's Bizarre Adventure (TV),"['Action', 'Adventure', 'Supernatural']",David Production
36,Tamon's B-Side,"['Comedy', 'Romance']",J.C.STAFF
37,JUJUTSU KAISEN Season 2,"['Action', 'Drama', 'Supernatural']",MAPPA
38,You Can't Be In a Rom-Com with Your Childhood Friends!,"['Comedy', 'Romance']",Tezuka Productions
39,Hell’s Paradise,"['Action', 'Adventure', 'Mystery', 'Supernatural']",MAPPA
40,HELL MODE: The Hardcore Gamer Dominates in Another World with Garbage Balancing,"['Action', 'Adventure', 'Fantasy']",Yokohama Animation Lab
41,Naruto: Shippuden,"['Action', 'Adventure', 'Comedy', 'Drama', 'Fantasy', 'Supernatural']",Studio Pierrot
42,The Apothecary Diaries,"['Drama', 'Mystery']","OLM, TOHO animation STUDIO"
43,Fullmetal Alchemist: Brotherhood,"['Action', 'Adventure', 'Drama', 'Fantasy']",bones
44,Rooster Fighter,"['Action', 'Adventure', 'Comedy', 'Supernatural']",SANZIGEN
45,Chainsaw Man – The Movie: Reze Arc,"['Action', 'Drama', 'Horror', 'Romance', 'Supernatural']",MAPPA
46,Chainsaw Man,"['Action', 'Drama', 'Horror', 'Supernatural']",MAPPA
47,Naruto,"['Action', 'Adventure', 'Comedy', 'Drama', 'Fantasy', 'Supernatural']",Studio Pierrot
48,Witch Hat Atelier,"['Adventure', 'Drama', 'Fantasy']",BUG FILMS
49,Attack on Titan,"['Action', 'Drama', 'Fantasy', 'Mystery']",WIT STUDIO
50,Gintama,"['Action', 'Comedy', 'Drama', 'Sci-Fi']",Sunrise
Rank,Title,Genre,Studio
1,JUJUTSU KAISEN Season 3: The Culling Game Part 1,"['Action', 'Drama', 'Supernatural']",MAPPA
2,Sentenced to Be a Hero,"['Action', 'Comedy', 'Drama', 'Fantasy']",Studio KAI
3,【OSHI NO KO】Season 3,"['Drama', 'Mystery', 'Psychological', 'Supernatural']",Doga Kobo
4,Jujutsu Kaisen: Shimetsu Kaiyuu - Kouhen,"['Action', 'Drama', 'Supernatural']",
5,Tamon's B-Side,"['Comedy', 'Romance']",J.C.STAFF
6,Chained Soldier Season 2,"['Action', 'Adventure', 'Drama', 'Ecchi', 'Fantasy', 'Romance']","Passione, Hayabusa Film"
7,ONE PIECE,"['Action', 'Adventure', 'Comedy', 'Drama', 'Fantasy']",Toei Animation
8,ROLL OVER AND DIE: I Will Fight for an Ordinary Life with My Love and Cursed Sword!,"['Action', 'Adventure', 'Drama', 'Fantasy', 'Horror']",A.C.G.T.
9,The Invisible Man and His Soon-to-Be Wife,"['Comedy', 'Romance', 'Supernatural']",project No.9
10,Easygoing Territory Defense by the Optimistic Lord,"['Adventure', 'Fantasy']",NAZ
11,Frieren: Beyond Journey’s End Season 2,"['Adventure', 'Drama', 'Fantasy']",MADHOUSE
12,The Holy Grail of Eris,"['Drama', 'Fantasy', 'Mystery', 'Romance', 'Supernatural']",Ashi Productions
13,Hell’s Paradise Season 2,"['Action', 'Adventure', 'Mystery', 'Supernatural']",MAPPA
14,MF GHOST Season 3,['Sports'],Felix Film
15,[Oshi no Ko] Final Season,"['Drama', 'Mystery', 'Psychological', 'Supernatural']",Doga Kobo
16,Ranma 1/2 (2024) 3rd Season,"['Action', 'Comedy', 'Romance']",MAPPA
17,You and I Are Polar Opposites,"['Comedy', 'Drama', 'Romance', 'Slice of Life']",Lapin Track
18,Tune In to the Midnight Heart,"['Comedy', 'Romance']",Gekkou
19,"Noble Reincarnation: Born Blessed, So I'll Obtain Ultimate Power","['Action', 'Adventure', 'Fantasy']",CompTown
20,An Adventurer’s Daily Grind at Age 29,"['Adventure', 'Fantasy', 'Slice of Life']",HORNETS
21,Fire Force Season 3 Part 2,"['Action', 'Drama', 'Sci-Fi', 'Supernatural']",David Production
22,Fate/strange Fake,"['Action', 'Adventure', 'Fantasy', 'Mystery', 'Supernatural']",A-1 Pictures
23,MF Ghost Final Season,['Sports'],
24,"Jack-of-All-Trades, Party of None","['Action', 'Adventure', 'Fantasy']",animation studio42
25,Frieren: Beyond Journey’s End,"['Adventure', 'Drama', 'Fantasy']",MADHOUSE
26,Bleach,"['Action', 'Adventure', 'Supernatural']",Studio Pierrot
27,Kunon the Sorcerer Can See,"['Action', 'Adventure', 'Fantasy']",Platinum Vision
28,Journal with Witch,"['Drama', 'Slice of Life']",Shuka
29,STEEL BALL RUN JoJo's Bizarre Adventure,"['Action', 'Adventure', 'Drama', 'Mystery', 'Supernatural']",David Production
30,Isekai Office Worker: The Other World's Books Depend on the Bean Counter,"['Adventure', 'Fantasy', 'Romance', 'Slice of Life']",Studio DEEN
31,A Gentle Noble's Vacation Recommendation,"['Adventure', 'Fantasy', 'Slice of Life']","Ascension, SynergySP"
32,JoJo's Bizarre Adventure (TV),"['Action', 'Adventure', 'Supernatural']",David Production
33,"There was a Cute Girl in the Hero’s Party, so I Tried Confessing to Her","['Adventure', 'Comedy', 'Fantasy', 'Romance']",Gekkou
34,Gachiakuta,"['Action', 'Drama', 'Fantasy']",bones film
35,Attack on Titan,"['Action', 'Drama', 'Fantasy', 'Mystery']",WIT STUDIO
36,Hunter x Hunter (2011),"['Action', 'Adventure', 'Fantasy']",MADHOUSE
37,JUJUTSU KAISEN Season 2,"['Action', 'Drama', 'Supernatural']",MAPPA
38,"Anyway, I'm Falling in Love with You. Season 2","['Drama', 'Romance']",TYPHOON GRAPHICS
39,JUJUTSU KAISEN,"['Action', 'Drama', 'Supernatural']",MAPPA
40,My Hero Academia: Vigilantes Season 2,"['Action', 'Adventure', 'Drama', 'Fantasy']",bones film
41,Naruto: Shippuden,"['Action', 'Adventure', 'Comedy', 'Drama', 'Fantasy', 'Supernatural']",Studio Pierrot
42,SHIBOYUGI: Playing Death Games to Put Food on the Table,"['Action', 'Drama', 'Mystery', 'Thriller']",Studio DEEN
43,Wash It All Away,"['Comedy', 'Romance', 'Slice of Life']",Okuruto Noboru
44,The Darwin Incident,"['Sci-Fi', 'Thriller']",BELLNOX FILMS
45,HELL MODE: The Hardcore Gamer Dominates in Another World with Garbage Balancing,"['Action', 'Adventure', 'Fantasy']",Yokohama Animation Lab
46,To Your Eternity Season 3,"['Adventure', 'Drama', 'Fantasy', 'Psychological', 'Supernatural']","Drive, Studio Massket"
47,Witch Hat Atelier,"['Adventure', 'Drama', 'Fantasy']",BUG FILMS
48,Hell’s Paradise,"['Action', 'Adventure', 'Mystery', 'Supernatural']",MAPPA
49,Chainsaw Man,"['Action', 'Drama', 'Horror', 'Supernatural']",MAPPA
50,Black Clover,"['Action', 'Adventure', 'Comedy', 'Fantasy']",Studio Pierrot
Rank,Title,Genre,Studio
1,Frieren: Beyond Journey’s End Season 2,"['Adventure', 'Drama', 'Fantasy']",MADHOUSE
2,JUJUTSU KAISEN Season 3: The Culling Game Part 1,"['Action', 'Drama', 'Supernatural']",MAPPA
3,Sousou no Frieren 3rd Season,"['Adventure', 'Drama', 'Fantasy']",
4,Fire Force Season 3 Part 2,"['Action', 'Drama', 'Sci-Fi', 'Supernatural']",David Production
5,HELL MODE: The Hardcore Gamer Dominates in Another World with Garbage Balancing,"['Action', 'Adventure', 'Fantasy']",Yokohama Animation Lab
6,Sentenced to Be a Hero,"['Action', 'Comedy', 'Drama', 'Fantasy']",Studio KAI
7,【OSHI NO KO】Season 3,"['Drama', 'Mystery', 'Psychological', 'Supernatural']",Doga Kobo
8,ONE PIECE,"['Action', 'Adventure', 'Comedy', 'Drama', 'Fantasy']",Toei Animation
9,Jujutsu Kaisen: Shimetsu Kaiyuu - Kouhen,"['Action', 'Drama', 'Supernatural']",
10,Hell’s Paradise Season 2,"['Action', 'Adventure', 'Mystery', 'Supernatural']",MAPPA
11,Tamon's B-Side,"['Comedy', 'Romance']",J.C.STAFF
12,Chained Soldier Season 2,"['Action', 'Adventure', 'Drama', 'Ecchi', 'Fantasy', 'Romance']","Passione, Hayabusa Film"
13,Easygoing Territory Defense by the Optimistic Lord,"['Adventure', 'Fantasy']",NAZ
14,[Oshi no Ko] Final Season,"['Drama', 'Mystery', 'Psychological', 'Supernatural']",Doga Kobo
15,You and I Are Polar Opposites,"['Comedy', 'Drama', 'Romance', 'Slice of Life']",Lapin Track
16,DARK MOON: THE BLOOD ALTAR,['Supernatural'],TROYCA
17,The Holy Grail of Eris,"['Drama', 'Fantasy', 'Mystery', 'Romance', 'Supernatural']",Ashi Productions
18,Tune In to the Midnight Heart,"['Comedy', 'Romance']",Gekkou
19,ROLL OVER AND DIE: I Will Fight for an Ordinary Life with My Love and Cursed Sword!,"['Action', 'Adventure', 'Drama', 'Fantasy', 'Horror']",A.C.G.T.
20,Fate/strange Fake,"['Action', 'Adventure', 'Fantasy', 'Mystery', 'Supernatural']",A-1 Pictures
21,The Invisible Man and His Soon-to-Be Wife,"['Comedy', 'Romance', 'Supernatural']",project No.9
22,Bleach,"['Action', 'Adventure', 'Supernatural']",Studio Pierrot
23,Gachiakuta,"['Action', 'Drama', 'Fantasy']",bones film
24,STEEL BALL RUN JoJo's Bizarre Adventure,"['Action', 'Adventure', 'Drama', 'Mystery', 'Supernatural']",David Production
25,"Jack-of-All-Trades, Party of None","['Action', 'Adventure', 'Fantasy']",animation studio42
26,Frieren: Beyond Journey’s End,"['Adventure', 'Drama', 'Fantasy']",MADHOUSE
27,JoJo's Bizarre Adventure (TV),"['Action', 'Adventure', 'Supernatural']",David Production
28,MF GHOST Season 3,['Sports'],Felix Film
29,"There was a Cute Girl in the Hero’s Party, so I Tried Confessing to Her","['Adventure', 'Comedy', 'Fantasy', 'Romance']",Gekkou
30,SHIBOYUGI: Playing Death Games to Put Food on the Table,"['Action', 'Drama', 'Mystery', 'Thriller']",Studio DEEN
31,Attack on Titan,"['Action', 'Drama', 'Fantasy', 'Mystery']",WIT STUDIO
32,Hunter x Hunter (2011),"['Action', 'Adventure', 'Fantasy']",MADHOUSE
33,"Noble Reincarnation: Born Blessed, So I'll Obtain Ultimate Power","['Action', 'Adventure', 'Fantasy']",CompTown
34,Black Clover,"['Action', 'Adventure', 'Comedy', 'Fantasy']",Studio Pierrot
35,JUJUTSU KAISEN Season 2,"['Action', 'Drama', 'Supernatural']",MAPPA
36,JUJUTSU KAISEN,"['Action', 'Drama', 'Supernatural']",MAPPA
37,Ranma1/2 (2024) Season 3,"['Action', 'Comedy', 'Romance']",MAPPA
38,Journal with Witch,"['Drama', 'Slice of Life']",Shuka
39,Witch Hat Atelier,"['Adventure', 'Drama', 'Fantasy']",BUG FILMS
40,Re:ZERO -Starting Life in Another World- Season 4,"['Action', 'Adventure', 'Drama', 'Fantasy', 'Psychological', 'Romance']",WHITE FOX
41,My Hero Academia: Vigilantes Season 2,"['Action', 'Adventure', 'Drama', 'Fantasy']",bones film
42,Medalist Season 2,"['Drama', 'Psychological', 'Sports']",ENGI
43,Naruto: Shippuden,"['Action', 'Adventure', 'Comedy', 'Drama', 'Fantasy', 'Supernatural']",Studio Pierrot
44,Death Note,"['Mystery', 'Psychological', 'Supernatural', 'Thriller']",MADHOUSE
45,Hell’s Paradise,"['Action', 'Adventure', 'Mystery', 'Supernatural']",MAPPA
46,Naruto,"['Action', 'Adventure', 'Comedy', 'Drama', 'Fantasy', 'Supernatural']",Studio Pierrot
47,An Adventurer’s Daily Grind at Age 29,"['Adventure', 'Fantasy', 'Slice of Life']",HORNETS
48,The Fragrant Flower Blooms With Dignity,"['Comedy', 'Drama', 'Romance']",CloverWorks
49,Demon Slayer: Kimetsu no Yaiba,"['Action', 'Adventure', 'Drama', 'Fantasy', 'Supernatural']",ufotable
50,You Can't Be In a Rom-Com with Your Childhood Friends!,"['Comedy', 'Romance']",Tezuka Productions
Rank,Title,Genre,Studio
1,Frieren: Beyond Journey’s End Season 2,"['Adventure', 'Drama', 'Fantasy']",MADHOUSE
2,Fate/strange Fake,"['Action', 'Adventure', 'Fantasy', 'Mystery', 'Supernatural']",A-1 Pictures
3,JUJUTSU KAISEN Season 3: The Culling Game Part 1,"['Action', 'Drama', 'Supernatural']",MAPPA
4,Sentenced to Be a Hero,"['Action', 'Drama', 'Fantasy']",Studio KAI
5,【OSHI NO KO】Season 3,"['Drama', 'Mystery', 'Psychological', 'Supernatural']",Doga Kobo
6,Agents of the Four Seasons: Dance of Spring,"['Drama', 'Fantasy', 'Romance']",WIT STUDIO
7,To Your Eternity Season 3,"['Adventure', 'Drama', 'Fantasy', 'Psychological', 'Supernatural']","Drive, Studio Massket"
8,Fire Force Season 3 Part 2,"['Action', 'Drama', 'Sci-Fi', 'Supernatural']",David Production
9,ONE PIECE,"['Action', 'Adventure', 'Comedy', 'Drama', 'Fantasy']",Toei Animation
10,Reincarnated as a Dragon Hatchling,"['Action', 'Adventure', 'Fantasy']","GA-CREW, Felix Film"
11,TRIGUN STARGAZE,"['Action', 'Comedy', 'Drama', 'Sci-Fi']",Orange
12,HELL MODE: The Hardcore Gamer Dominates in Another World with Garbage Balancing,"['Action', 'Adventure', 'Fantasy']",Yokohama Animation Lab
13,Sousou no Frieren 3rd Season,"['Adventure', 'Drama', 'Fantasy']",
14,Fate/strange Fake (Zoku-hen) ,"['Action', 'Adventure', 'Fantasy', 'Music', 'Supernatural']",
15,Dead Account,"['Action', 'Supernatural']",SynergySP
16,Hell’s Paradise Season 2,"['Action', 'Adventure', 'Mystery', 'Supernatural']",MAPPA
17,Sentenced to Be a Hero Season 2,"['Action', 'Drama', 'Fantasy']",Studio KAI
18,Hell Mode: Yarikomizuki no Gamer wa Hai Settei no Isekai de Musou suru 2nd Season,"['Action', 'Adventure', 'Fantasy']",Yokohama Animation Lab
19,Chained Soldier Season 2,"['Action', 'Adventure', 'Drama', 'Ecchi', 'Fantasy', 'Romance']","Passione, Hayabusa Film"
20,Jujutsu Kaisen: Shimetsu Kaiyuu - Kouhen,"['Action', 'Drama', 'Supernatural']",
21,Scum of the Brave,"['Action', 'Comedy', 'Drama', 'Fantasy', 'Sci-Fi']",OLM
22,You and I Are Polar Opposites,"['Comedy', 'Drama', 'Romance', 'Slice of Life']",Lapin Track
23,Tamon's B-Side,"['Comedy', 'Romance']",J.C.STAFF
24,A Misanthrope Teaches a Class for Demi-Humans,"['Comedy', 'Drama', 'Fantasy', 'Romance', 'Slice of Life']",Asread
25,Easygoing Territory Defense by the Optimistic Lord,"['Adventure', 'Fantasy']",NAZ
26,Shibou Yuugi de Meshi wo Kuu. 44:CLOUDY BEACH,"['Action', 'Drama', 'Mystery', 'Thriller']",Studio DEEN
27,"Jack-of-All-Trades, Party of None","['Action', 'Adventure', 'Fantasy']",animation studio42
28,Bleach,"['Action', 'Adventure', 'Supernatural']",Studio Pierrot
29,Frieren: Beyond Journey’s End,"['Adventure', 'Drama', 'Fantasy']",MADHOUSE
30,[Oshi no Ko] Final Season,"['Drama', 'Mystery', 'Psychological', 'Supernatural']",Doga Kobo
31,"Isekai de Cheat Skill wo Te ni Shita Ore wa, Genjitsu Sekai wo mo Musou Suru: Level Up wa Jinsei wo Kaeta 2nd Season","['Action', 'Adventure', 'Fantasy', 'Romance']",
32,STEEL BALL RUN JoJo's Bizarre Adventure,"['Action', 'Adventure', 'Drama', 'Mystery', 'Supernatural']",David Production
33,JUJUTSU KAISEN,"['Action', 'Drama', 'Supernatural']",MAPPA
34,Journal with Witch,"['Drama', 'Slice of Life']",Shuka
35,MF GHOST Season 3,['Sports'],Felix Film
36,JUJUTSU KAISEN Season 2,"['Action', 'Drama', 'Supernatural']",MAPPA
37,Gachiakuta,"['Action', 'Drama', 'Fantasy']",bones film
38,Hunter x Hunter (2011),"['Action', 'Adventure', 'Fantasy']",MADHOUSE
39,Tune In to the Midnight Heart,"['Comedy', 'Romance']",Gekkou
40,The Invisible Man and His Soon-to-Be Wife,"['Comedy', 'Romance', 'Supernatural']",project No.9
41,Witch Hat Atelier,"['Adventure', 'Drama', 'Fantasy']",BUG FILMS
42,Attack on Titan,"['Action', 'Drama', 'Fantasy', 'Mystery']",WIT STUDIO
43,ROLL OVER AND DIE: I Will Fight for an Ordinary Life with My Love and Cursed Sword!,"['Action', 'Adventure', 'Drama', 'Fantasy', 'Horror']",A.C.G.T.
44,Death Note,"['Mystery', 'Psychological', 'Supernatural', 'Thriller']",MADHOUSE
45,The Holy Grail of Eris,"['Drama', 'Fantasy', 'Mystery', 'Romance', 'Supernatural']",Ashi Productions
46,Daemons of the Shadow Realm,"['Action', 'Adventure', 'Comedy', 'Fantasy']",bones film
47,JoJo's Bizarre Adventure (TV),"['Action', 'Adventure', 'Supernatural']",David Production
48,My Hero Academia: Vigilantes Season 2,"['Action', 'Adventure', 'Drama', 'Fantasy']",bones film
49,Kunon the Sorcerer Can See,"['Action', 'Adventure', 'Fantasy']",Platinum Vision
50,Demon Slayer: Kimetsu no Yaiba,"['Action', 'Adventure', 'Drama', 'Fantasy', 'Supernatural']",ufotable
Rank,Title,Genre,Studio
1,Hell’s Paradise Season 2,"['Action', 'Adventure', 'Mystery', 'Supernatural']",MAPPA
2,You and I Are Polar Opposites,"['Comedy', 'Drama', 'Romance', 'Slice of Life']",Lapin Track
3,Frieren: Beyond Journey’s End Season 2,"['Adventure', 'Drama', 'Fantasy']",MADHOUSE
4,JUJUTSU KAISEN Season 3: The Culling Game Part 1,"['Action', 'Drama', 'Supernatural']",MAPPA
5,Journal with Witch,"['Drama', 'Slice of Life']",Shuka
6,Sentenced to Be a Hero,"['Action', 'Drama', 'Fantasy']",Studio KAI
7,You and I Are Polar Opposites Season 2,"['Comedy', 'Drama', 'Romance', 'Slice of Life']",Lapin Track
8,Fate/strange Fake,"['Action', 'Adventure', 'Fantasy', 'Mystery', 'Supernatural']",A-1 Pictures
9,ONE PIECE,"['Action', 'Adventure', 'Comedy', 'Drama', 'Fantasy']",Toei Animation
10,【OSHI NO KO】Season 3,"['Drama', 'Mystery', 'Psychological', 'Supernatural']",Doga Kobo
11,In the Clear Moonlit Dusk,"['Romance', 'Slice of Life']","East Fish Studio, Atelier Peuplier"
12,Fire Force Season 3 Part 2,"['Action', 'Drama', 'Sci-Fi', 'Supernatural']",David Production
13,The Villainess Is Adored by the Prince of the Neighbor Kingdom,"['Fantasy', 'Romance']",Studio DEEN
14,To Your Eternity Season 3,"['Adventure', 'Drama', 'Fantasy', 'Psychological', 'Supernatural']","Drive, Studio Massket"
15,HELL MODE: The Hardcore Gamer Dominates in Another World with Garbage Balancing,"['Action', 'Adventure', 'Fantasy']",Yokohama Animation Lab
16,Kaya-chan Isn't Scary,"['Comedy', 'Horror', 'Slice of Life']",East Fish Studio
17,"I Got a Cheat Skill in Another World and Became Unrivaled in The Real World, Too (Special) - The Legendary Dragon—Awakens","['Action', 'Adventure', 'Fantasy', 'Romance']",Millepensee
18,Sousou no Frieren 3rd Season,"['Adventure', 'Drama', 'Fantasy']",
19,Agents of the Four Seasons: Dance of Spring,"['Drama', 'Fantasy', 'Romance']",WIT STUDIO
20,Reincarnated as a Dragon Hatchling,"['Action', 'Adventure', 'Fantasy']","GA-CREW, Felix Film"
21,TRIGUN STARGAZE,"['Action', 'Comedy', 'Drama', 'Sci-Fi']",Orange
22,"Isekai de Cheat Skill wo Te ni Shita Ore wa, Genjitsu Sekai wo mo Musou Suru: Level Up wa Jinsei wo Kaeta 2nd Season","['Action', 'Adventure', 'Fantasy', 'Romance']",
23,Rooster Fighter,"['Action', 'Adventure', 'Comedy', 'Supernatural']",SANZIGEN
24,Tamon's B-Side,"['Comedy', 'Romance']",J.C.STAFF
25,"Jack-of-All-Trades, Party of None","['Action', 'Adventure', 'Fantasy']",animation studio42
26,Chained Soldier Season 2,"['Action', 'Adventure', 'Drama', 'Ecchi', 'Fantasy', 'Romance']","Passione, Hayabusa Film"
27,Bleach,"['Action', 'Adventure', 'Supernatural']",Studio Pierrot
28,Jujutsu Kaisen: Shimetsu Kaiyuu - Kouhen,"['Action', 'Drama', 'Supernatural']",
29,Easygoing Territory Defense by the Optimistic Lord,"['Adventure', 'Fantasy']",NAZ
30,Frieren: Beyond Journey’s End,"['Adventure', 'Drama', 'Fantasy']",MADHOUSE
31,JUJUTSU KAISEN Season 2,"['Action', 'Drama', 'Supernatural']",MAPPA
32,Fate/strange Fake (Zoku-hen) ,"['Action', 'Adventure', 'Fantasy', 'Music', 'Supernatural']",
33,Tune In to the Midnight Heart,"['Comedy', 'Romance']",Gekkou
34,Sentenced to Be a Hero Season 2,"['Action', 'Drama', 'Fantasy']",Studio KAI
35,JUJUTSU KAISEN,"['Action', 'Drama', 'Supernatural']",MAPPA
36,Attack on Titan,"['Action', 'Drama', 'Fantasy', 'Mystery']",WIT STUDIO
37,Death Note,"['Mystery', 'Psychological', 'Supernatural', 'Thriller']",MADHOUSE
38,Kunon the Sorcerer Can See,"['Action', 'Adventure', 'Fantasy']",Platinum Vision
39,Gachiakuta,"['Action', 'Drama', 'Fantasy']",bones film
40,"There was a Cute Girl in the Hero’s Party, so I Tried Confessing to Her","['Adventure', 'Comedy', 'Fantasy', 'Romance']",Gekkou
41,Hunter x Hunter (2011),"['Action', 'Adventure', 'Fantasy']",MADHOUSE
42,STEEL BALL RUN JoJo's Bizarre Adventure,"['Action', 'Adventure', 'Drama', 'Mystery', 'Supernatural']",David Production
43,Dead Account,"['Action', 'Supernatural']",SynergySP
44,[Oshi no Ko] Final Season,"['Drama', 'Mystery', 'Psychological', 'Supernatural']",Doga Kobo
45,Hell Mode: Yarikomizuki no Gamer wa Hai Settei no Isekai de Musou suru 2nd Season,"['Action', 'Adventure', 'Fantasy']",Yokohama Animation Lab
46,Chainsaw Man – The Movie: Reze Arc,"['Action', 'Drama', 'Horror', 'Romance', 'Supernatural']",MAPPA
47,Re:ZERO -Starting Life in Another World- Season 4,"['Action', 'Adventure', 'Drama', 'Fantasy', 'Psychological', 'Romance']",WHITE FOX
48,SHIBOYUGI: Playing Death Games to Put Food on the Table,"['Action', 'Drama', 'Mystery', 'Thriller']",Studio DEEN
49,Hell’s Paradise,"['Action', 'Adventure', 'Mystery', 'Supernatural']",MAPPA
50,My Hero Academia: Vigilantes Season 2,"['Action', 'Adventure', 'Drama', 'Fantasy']",bones film
Rank,Title,Genre,Studio
1,Hell’s Paradise Season 2,"['Action', 'Adventure', 'Mystery', 'Supernatural']",MAPPA
2,JUJUTSU KAISEN Season 3: The Culling Game Part 1,"['Action', 'Drama', 'Supernatural']",MAPPA
3,Frieren: Beyond Journey’s End Season 2,"['Adventure', 'Drama', 'Fantasy']",MADHOUSE
4,Chitose Is in the Ramune Bottle,"['Comedy', 'Romance']",feel.
5,"There was a Cute Girl in the Hero’s Party, so I Tried Confessing to Her","['Adventure', 'Comedy', 'Fantasy', 'Romance']",Gekkou
6,You and I Are Polar Opposites,"['Comedy', 'Drama', 'Romance', 'Slice of Life']",Lapin Track
7,ONE PIECE,"['Action', 'Adventure', 'Comedy', 'Drama', 'Fantasy']",Toei Animation
8,Sentenced to Be a Hero,"['Action', 'Drama', 'Fantasy']",Studio KAI
9,My Hero Academia: Vigilantes Season 2,"['Action', 'Adventure', 'Drama', 'Fantasy']",bones film
10,Fate/strange Fake,"['Action', 'Adventure', 'Fantasy', 'Mystery', 'Supernatural']",A-1 Pictures
11,Fire Force Season 3 Part 2,"['Action', 'Drama', 'Sci-Fi', 'Supernatural']",David Production
12,Journal with Witch,"['Drama', 'Slice of Life']",Shuka
13,【OSHI NO KO】Season 3,"['Drama', 'Mystery', 'Psychological', 'Supernatural']",Doga Kobo
14,HELL MODE: The Hardcore Gamer Dominates in Another World with Garbage Balancing,"['Action', 'Adventure', 'Fantasy']",Yokohama Animation Lab
15,Golden Kamuy Final Season,"['Action', 'Adventure', 'Comedy']",Brain's Base
16,To Your Eternity Season 3,"['Adventure', 'Drama', 'Fantasy', 'Psychological', 'Supernatural']","Drive, Studio Massket"
17,Sousou no Frieren 3rd Season,"['Adventure', 'Drama', 'Fantasy']",
18,Bleach,"['Action', 'Adventure', 'Supernatural']",Studio Pierrot
19,"I Got a Cheat Skill in Another World and Became Unrivaled in The Real World, Too (Special) - The Legendary Dragon—Awakens","['Action', 'Adventure', 'Fantasy', 'Romance']",Millepensee
20,Frieren: Beyond Journey’s End,"['Adventure', 'Drama', 'Fantasy']",MADHOUSE
21,"'Tis Time for ""Torture,"" Princess Season 2","['Comedy', 'Fantasy']",PINE JAM
22,JUJUTSU KAISEN Season 2,"['Action', 'Drama', 'Supernatural']",MAPPA
23,Release that Witch,"['Action', 'Adventure', 'Fantasy', 'Romance']",Thundray
24,Gachiakuta,"['Action', 'Drama', 'Fantasy']",bones film
25,In the Clear Moonlit Dusk,"['Romance', 'Slice of Life']","East Fish Studio, Atelier Peuplier"
26,Tamon's B-Side,"['Comedy', 'Romance']",J.C.STAFF
27,Reincarnated as a Dragon Hatchling,"['Action', 'Adventure', 'Fantasy']","GA-CREW, Felix Film"
28,JUJUTSU KAISEN,"['Action', 'Drama', 'Supernatural']",MAPPA
29,Golden Kamuy: Saishuushou - Bousou Ressha-hen,"['Action', 'Adventure', 'Comedy']",
30,You and I Are Polar Opposites Season 2,"['Comedy', 'Drama', 'Romance', 'Slice of Life']",Lapin Track
31,"Jack-of-All-Trades, Party of None","['Action', 'Adventure', 'Fantasy']",animation studio42
32,Chained Soldier Season 2,"['Action', 'Adventure', 'Drama', 'Ecchi', 'Fantasy', 'Romance']","Passione, Hayabusa Film"
33,Agents of the Four Seasons: Dance of Spring,"['Drama', 'Fantasy', 'Romance']",WIT STUDIO
34,Hell’s Paradise,"['Action', 'Adventure', 'Mystery', 'Supernatural']",MAPPA
35,Easygoing Territory Defense by the Optimistic Lord,"['Adventure', 'Fantasy']",NAZ
36,Tune In to the Midnight Heart,"['Comedy', 'Romance']",Gekkou
37,Hunter x Hunter (2011),"['Action', 'Adventure', 'Fantasy']",MADHOUSE
38,Kaya-chan Isn't Scary,"['Comedy', 'Horror', 'Slice of Life']",East Fish Studio
39,TRIGUN STARGAZE,"['Action', 'Comedy', 'Drama', 'Sci-Fi']",Orange
40,STEEL BALL RUN JoJo's Bizarre Adventure,"['Action', 'Adventure', 'Drama', 'Mystery', 'Supernatural']",David Production
41,Dead Account,"['Action', 'Supernatural']",SynergySP
42,"Classroom of the Elite 4th Season: Second Year, First Semester","['Drama', 'Psychological']",Lerche
43,[Oshi no Ko] Final Season,"['Drama', 'Mystery', 'Psychological', 'Supernatural']",Doga Kobo
44,The Villainess Is Adored by the Prince of the Neighbor Kingdom,"['Fantasy', 'Romance']",Studio DEEN
45,Mushoku Tensei: Jobless Reincarnation Season 3,"['Adventure', 'Drama', 'Ecchi', 'Fantasy']",Studio Bind
46,The Apothecary Diaries Season 2,"['Drama', 'Mystery']","TOHO animation STUDIO, OLM"
47,Witch Hat Atelier,"['Adventure', 'Drama', 'Fantasy']",BUG FILMS
48,Chainsaw Man,"['Action', 'Drama', 'Horror', 'Supernatural']",MAPPA
49,Attack on Titan Final Season,"['Action', 'Drama', 'Fantasy', 'Mystery']",MAPPA
50,Fullmetal Alchemist: Brotherhood,"['Action', 'Adventure', 'Drama', 'Fantasy']",bones
Rank,Title,Genre,Studio
1,"Classroom of the Elite 4th Season: Second Year, First Semester","['Drama', 'Psychological']",Lerche
2,Hell’s Paradise Season 2,"['Action', 'Adventure', 'Mystery', 'Supernatural']",MAPPA
3,Frieren: Beyond Journey’s End Season 2,"['Adventure', 'Drama', 'Fantasy']",MADHOUSE
4,JUJUTSU KAISEN Season 3: The Culling Game Part 1,"['Action', 'Drama', 'Supernatural']",MAPPA
5,ONE PIECE,"['Action', 'Adventure', 'Comedy', 'Drama', 'Fantasy']",Toei Animation
6,You and I Are Polar Opposites,"['Comedy', 'Drama', 'Romance', 'Slice of Life']",Lapin Track
7,Sentenced to Be a Hero,"['Action', 'Drama', 'Fantasy']",Studio KAI
8,"There was a Cute Girl in the Hero’s Party, so I Tried Confessing to Her","['Adventure', 'Comedy', 'Fantasy', 'Romance']",Gekkou
9,Dorohedoro Season 2,"['Action', 'Adventure', 'Comedy', 'Fantasy', 'Horror', 'Mystery']",MAPPA
10,"The strongest job is apparently not a hero or a sage, but an appraiser (provisional)!","['Action', 'Adventure', 'Comedy', 'Fantasy']",Studio Flad
11,Chitose Is in the Ramune Bottle,"['Comedy', 'Romance']",feel.
12,Fate/strange Fake,"['Action', 'Adventure', 'Fantasy', 'Mystery', 'Supernatural']",A-1 Pictures
13,"Reborn as a Vending Machine, I Now Wander the Dungeon Season 3","['Action', 'Comedy', 'Fantasy']","AXsiZ, Studio Gokumi"
14,【OSHI NO KO】Season 3,"['Drama', 'Mystery', 'Psychological', 'Supernatural']",Doga Kobo
15,The Darwin Incident,"['Sci-Fi', 'Thriller']",BELLNOX FILMS
16,Fire Force Season 3 Part 2,"['Action', 'Drama', 'Sci-Fi', 'Supernatural']",David Production
17,Journal with Witch,"['Drama', 'Slice of Life']",Shuka
18,Your lie in April,"['Drama', 'Music', 'Romance', 'Slice of Life']",A-1 Pictures
19,My Hero Academia: Vigilantes Season 2,"['Action', 'Adventure', 'Drama', 'Fantasy']",bones film
20,Gachiakuta,"['Action', 'Drama', 'Fantasy']",bones film
21,Bleach,"['Action', 'Adventure', 'Supernatural']",Studio Pierrot
22,The Food Diary of Miss Maid,['Slice of Life'],"EMT Squared, Magic Bus"
23,Frieren: Beyond Journey’s End,"['Adventure', 'Drama', 'Fantasy']",MADHOUSE
24,"I Got a Cheat Skill in Another World and Became Unrivaled in The Real World, Too (Special) - The Legendary Dragon—Awakens","['Action', 'Adventure', 'Fantasy', 'Romance']",Millepensee
25,HELL MODE: The Hardcore Gamer Dominates in Another World with Garbage Balancing,"['Action', 'Adventure', 'Fantasy']",Yokohama Animation Lab
26,To Your Eternity Season 3,"['Adventure', 'Drama', 'Fantasy', 'Psychological', 'Supernatural']","Drive, Studio Massket"
27,Witch Hat Atelier,"['Adventure', 'Drama', 'Fantasy']",BUG FILMS
28,JUJUTSU KAISEN,"['Action', 'Drama', 'Supernatural']",MAPPA
29,Agents of the Four Seasons: Dance of Spring,"['Drama', 'Fantasy', 'Romance']",WIT STUDIO
30,"Jack-of-All-Trades, Party of None","['Action', 'Adventure', 'Fantasy']",animation studio42
31,Classroom of the Elite Season 3,"['Drama', 'Psychological']",Lerche
32,Classroom of the Elite,"['Drama', 'Psychological']",Lerche
33,Hell’s Paradise,"['Action', 'Adventure', 'Mystery', 'Supernatural']",MAPPA
34,Hunter x Hunter (2011),"['Action', 'Adventure', 'Fantasy']",MADHOUSE
35,In the Clear Moonlit Dusk,"['Romance', 'Slice of Life']","East Fish Studio, Atelier Peuplier"
36,Wistoria: Wand and Sword Season 2,"['Action', 'Adventure', 'Drama', 'Fantasy']","Actas, Bandai Namco Pictures"
37,The Apothecary Diaries Season 2,"['Drama', 'Mystery']","TOHO animation STUDIO, OLM"
38,Golden Kamuy Final Season,"['Action', 'Adventure', 'Comedy']",Brain's Base
39,Classroom of the Elite Season 2,"['Drama', 'Mystery', 'Psychological']",Lerche
40,JUJUTSU KAISEN Season 2,"['Action', 'Drama', 'Supernatural']",MAPPA
41,Death Note,"['Mystery', 'Psychological', 'Supernatural', 'Thriller']",MADHOUSE
42,The Beginning After the End Season 2,"['Action', 'Adventure', 'Fantasy']",studio A-CAT
43,Tune In to the Midnight Heart,"['Comedy', 'Romance']",Gekkou
44,JoJo's Bizarre Adventure (TV),"['Action', 'Adventure', 'Supernatural']",David Production
45,An Adventurer’s Daily Grind at Age 29,"['Adventure', 'Fantasy', 'Slice of Life']",HORNETS
46,That Time I Got Reincarnated as a Slime Season 4,"['Action', 'Adventure', 'Comedy', 'Fantasy']",8-bit
47,Tamon's B-Side,"['Comedy', 'Romance']",J.C.STAFF
48,Easygoing Territory Defense by the Optimistic Lord,"['Adventure', 'Fantasy']",NAZ
49,Chained Soldier Season 2,"['Action', 'Adventure', 'Drama', 'Ecchi', 'Fantasy', 'Romance']","Passione, Hayabusa Film"
50,Re:ZERO -Starting Life in Another World-,"['Action', 'Adventure', 'Drama', 'Fantasy', 'Psychological', 'Romance', 'Thriller']",WHITE FOX
Rank,Title,Genre,Studio
1,"Classroom of the Elite 4th Season: Second Year, First Semester","['Drama', 'Psychological']",Lerche
2,Hell’s Paradise Season 2,"['Action', 'Adventure', 'Mystery', 'Supernatural']",MAPPA
3,Frieren: Beyond Journey’s End Season 2,"['Adventure', 'Drama', 'Fantasy']",MADHOUSE
4,JUJUTSU KAISEN Season 3: The Culling Game Part 1,"['Action', 'Drama', 'Supernatural']",MAPPA
5,ONE PIECE,"['Action', 'Adventure', 'Comedy', 'Drama', 'Fantasy']",Toei Animation
6,You and I Are Polar Opposites,"['Comedy', 'Drama', 'Romance', 'Slice of Life']",Lapin Track
7,Sentenced to Be a Hero,"['Action', 'Drama', 'Fantasy']",Studio KAI
8,"There was a Cute Girl in the Hero’s Party, so I Tried Confessing to Her","['Adventure', 'Comedy', 'Fantasy', 'Romance']",Gekkou
9,Dorohedoro Season 2,"['Action', 'Adventure', 'Comedy', 'Fantasy', 'Horror', 'Mystery']",MAPPA
10,"The strongest job is apparently not a hero or a sage, but an appraiser (provisional)!","['Action', 'Adventure', 'Comedy', 'Fantasy']",Studio Flad
11,Chitose Is in the Ramune Bottle,"['Comedy', 'Romance']",feel.
12,Fate/strange Fake,"['Action', 'Adventure', 'Fantasy', 'Mystery', 'Supernatural']",A-1 Pictures
13,"Reborn as a Vending Machine, I Now Wander the Dungeon Season 3","['Action', 'Comedy', 'Fantasy']","AXsiZ, Studio Gokumi"
14,【OSHI NO KO】Season 3,"['Drama', 'Mystery', 'Psychological', 'Supernatural']",Doga Kobo
15,The Darwin Incident,"['Sci-Fi', 'Thriller']",BELLNOX FILMS
16,Fire Force Season 3 Part 2,"['Action', 'Drama', 'Sci-Fi', 'Supernatural']",David Production
17,Journal with Witch,"['Drama', 'Slice of Life']",Shuka
18,Your lie in April,"['Drama', 'Music', 'Romance', 'Slice of Life']",A-1 Pictures
19,My Hero Academia: Vigilantes Season 2,"['Action', 'Adventure', 'Drama', 'Fantasy']",bones film
20,Gachiakuta,"['Action', 'Drama', 'Fantasy']",bones film
21,Bleach,"['Action', 'Adventure', 'Supernatural']",Studio Pierrot
22,The Food Diary of Miss Maid,['Slice of Life'],"EMT Squared, Magic Bus"
23,Frieren: Beyond Journey’s End,"['Adventure', 'Drama', 'Fantasy']",MADHOUSE
24,"I Got a Cheat Skill in Another World and Became Unrivaled in The Real World, Too (Special) - The Legendary Dragon—Awakens","['Action', 'Adventure', 'Fantasy', 'Romance']",Millepensee
25,HELL MODE: The Hardcore Gamer Dominates in Another World with Garbage Balancing,"['Action', 'Adventure', 'Fantasy']",Yokohama Animation Lab
26,To Your Eternity Season 3,"['Adventure', 'Drama', 'Fantasy', 'Psychological', 'Supernatural']","Drive, Studio Massket"
27,Witch Hat Atelier,"['Adventure', 'Drama', 'Fantasy']",BUG FILMS
28,JUJUTSU KAISEN,"['Action', 'Drama', 'Supernatural']",MAPPA
29,Agents of the Four Seasons: Dance of Spring,"['Drama', 'Fantasy', 'Romance']",WIT STUDIO
30,"Jack-of-All-Trades, Party of None","['Action', 'Adventure', 'Fantasy']",animation studio42
31,Classroom of the Elite Season 3,"['Drama', 'Psychological']",Lerche
32,Classroom of the Elite,"['Drama', 'Psychological']",Lerche
33,Hell’s Paradise,"['Action', 'Adventure', 'Mystery', 'Supernatural']",MAPPA
34,Hunter x Hunter (2011),"['Action', 'Adventure', 'Fantasy']",MADHOUSE
35,In the Clear Moonlit Dusk,"['Romance', 'Slice of Life']","East Fish Studio, Atelier Peuplier"
36,Wistoria: Wand and Sword Season 2,"['Action', 'Adventure', 'Drama', 'Fantasy']","Actas, Bandai Namco Pictures"
37,The Apothecary Diaries Season 2,"['Drama', 'Mystery']","TOHO animation STUDIO, OLM"
38,Golden Kamuy Final Season,"['Action', 'Adventure', 'Comedy']",Brain's Base
39,Classroom of the Elite Season 2,"['Drama', 'Mystery', 'Psychological']",Lerche
40,JUJUTSU KAISEN Season 2,"['Action', 'Drama', 'Supernatural']",MAPPA
41,Death Note,"['Mystery', 'Psychological', 'Supernatural', 'Thriller']",MADHOUSE
42,The Beginning After the End Season 2,"['Action', 'Adventure', 'Fantasy']",studio A-CAT
43,Tune In to the Midnight Heart,"['Comedy', 'Romance']",Gekkou
44,JoJo's Bizarre Adventure (TV),"['Action', 'Adventure', 'Supernatural']",David Production
45,An Adventurer’s Daily Grind at Age 29,"['Adventure', 'Fantasy', 'Slice of Life']",HORNETS
46,That Time I Got Reincarnated as a Slime Season 4,"['Action', 'Adventure', 'Comedy', 'Fantasy']",8-bit
47,Tamon's B-Side,"['Comedy', 'Romance']",J.C.STAFF
48,Easygoing Territory Defense by the Optimistic Lord,"['Adventure', 'Fantasy']",NAZ
49,Chained Soldier Season 2,"['Action', 'Adventure', 'Drama', 'Ecchi', 'Fantasy', 'Romance']","Passione, Hayabusa Film"
50,Re:ZERO -Starting Life in Another World-,"['Action', 'Adventure', 'Drama', 'Fantasy', 'Psychological', 'Romance', 'Thriller']",WHITE FOX
Rank,Title,Genre,Studio
1,"Classroom of the Elite 4th Season: Second Year, First Semester","['Drama', 'Psychological']",Lerche
2,Hell’s Paradise Season 2,"['Action', 'Adventure', 'Mystery', 'Supernatural']",MAPPA
3,Frieren: Beyond Journey’s End Season 2,"['Adventure', 'Drama', 'Fantasy']",MADHOUSE
4,JUJUTSU KAISEN Season 3: The Culling Game Part 1,"['Action', 'Drama', 'Supernatural']",MAPPA
5,ONE PIECE,"['Action', 'Adventure', 'Comedy', 'Drama', 'Fantasy']",Toei Animation
6,You and I Are Polar Opposites,"['Comedy', 'Drama', 'Romance', 'Slice of Life']",Lapin Track
7,Sentenced to Be a Hero,"['Action', 'Drama', 'Fantasy']",Studio KAI
8,"There was a Cute Girl in the Hero’s Party, so I Tried Confessing to Her","['Adventure', 'Comedy', 'Fantasy', 'Romance']",Gekkou
9,Dorohedoro Season 2,"['Action', 'Adventure', 'Comedy', 'Fantasy', 'Horror', 'Mystery']",MAPPA
10,"The strongest job is apparently not a hero or a sage, but an appraiser (provisional)!","['Action', 'Adventure', 'Comedy', 'Fantasy']",Studio Flad
11,Chitose Is in the Ramune Bottle,"['Comedy', 'Romance']",feel.
12,Fate/strange Fake,"['Action', 'Adventure', 'Fantasy', 'Mystery', 'Supernatural']",A-1 Pictures
13,"Reborn as a Vending Machine, I Now Wander the Dungeon Season 3","['Action', 'Comedy', 'Fantasy']","AXsiZ, Studio Gokumi"
14,【OSHI NO KO】Season 3,"['Drama', 'Mystery', 'Psychological', 'Supernatural']",Doga Kobo
15,The Darwin Incident,"['Sci-Fi', 'Thriller']",BELLNOX FILMS
16,Fire Force Season 3 Part 2,"['Action', 'Drama', 'Sci-Fi', 'Supernatural']",David Production
17,Journal with Witch,"['Drama', 'Slice of Life']",Shuka
18,Your lie in April,"['Drama', 'Music', 'Romance', 'Slice of Life']",A-1 Pictures
19,My Hero Academia: Vigilantes Season 2,"['Action', 'Adventure', 'Drama', 'Fantasy']",bones film
20,Gachiakuta,"['Action', 'Drama', 'Fantasy']",bones film
21,Bleach,"['Action', 'Adventure', 'Supernatural']",Studio Pierrot
22,The Food Diary of Miss Maid,['Slice of Life'],"EMT Squared, Magic Bus"
23,Frieren: Beyond Journey’s End,"['Adventure', 'Drama', 'Fantasy']",MADHOUSE
24,"I Got a Cheat Skill in Another World and Became Unrivaled in The Real World, Too (Special) - The Legendary Dragon—Awakens","['Action', 'Adventure', 'Fantasy', 'Romance']",Millepensee
25,HELL MODE: The Hardcore Gamer Dominates in Another World with Garbage Balancing,"['Action', 'Adventure', 'Fantasy']",Yokohama Animation Lab
26,To Your Eternity Season 3,"['Adventure', 'Drama', 'Fantasy', 'Psychological', 'Supernatural']","Drive, Studio Massket"
27,Witch Hat Atelier,"['Adventure', 'Drama', 'Fantasy']",BUG FILMS
28,JUJUTSU KAISEN,"['Action', 'Drama', 'Supernatural']",MAPPA
29,Agents of the Four Seasons: Dance of Spring,"['Drama', 'Fantasy', 'Romance']",WIT STUDIO
30,"Jack-of-All-Trades, Party of None","['Action', 'Adventure', 'Fantasy']",animation studio42
31,Classroom of the Elite Season 3,"['Drama', 'Psychological']",Lerche
32,Classroom of the Elite,"['Drama', 'Psychological']",Lerche
33,Hell’s Paradise,"['Action', 'Adventure', 'Mystery', 'Supernatural']",MAPPA
34,Hunter x Hunter (2011),"['Action', 'Adventure', 'Fantasy']",MADHOUSE
35,In the Clear Moonlit Dusk,"['Romance', 'Slice of Life']","East Fish Studio, Atelier Peuplier"
36,Wistoria: Wand and Sword Season 2,"['Action', 'Adventure', 'Drama', 'Fantasy']","Actas, Bandai Namco Pictures"
37,The Apothecary Diaries Season 2,"['Drama', 'Mystery']","TOHO animation STUDIO, OLM"
38,Golden Kamuy Final Season,"['Action', 'Adventure', 'Comedy']",Brain's Base
39,Classroom of the Elite Season 2,"['Drama', 'Mystery', 'Psychological']",Lerche
40,JUJUTSU KAISEN Season 2,"['Action', 'Drama', 'Supernatural']",MAPPA
41,Death Note,"['Mystery', 'Psychological', 'Supernatural', 'Thriller']",MADHOUSE
42,The Beginning After the End Season 2,"['Action', 'Adventure', 'Fantasy']",studio A-CAT
43,Tune In to the Midnight Heart,"['Comedy', 'Romance']",Gekkou
44,JoJo's Bizarre Adventure (TV),"['Action', 'Adventure', 'Supernatural']",David Production
45,An Adventurer’s Daily Grind at Age 29,"['Adventure', 'Fantasy', 'Slice of Life']",HORNETS
46,That Time I Got Reincarnated as a Slime Season 4,"['Action', 'Adventure', 'Comedy', 'Fantasy']",8-bit
47,Tamon's B-Side,"['Comedy', 'Romance']",J.C.STAFF
48,Easygoing Territory Defense by the Optimistic Lord,"['Adventure', 'Fantasy']",NAZ
49,Chained Soldier Season 2,"['Action', 'Adventure', 'Drama', 'Ecchi', 'Fantasy', 'Romance']","Passione, Hayabusa Film"
50,Re:ZERO -Starting Life in Another World-,"['Action', 'Adventure', 'Drama', 'Fantasy', 'Psychological', 'Romance', 'Thriller']",WHITE FOX
Rank,Title,Genre,Studio
1,"Classroom of the Elite 4th Season: Second Year, First Semester","['Drama', 'Psychological']",Lerche
2,Hell’s Paradise Season 2,"['Action', 'Adventure', 'Mystery', 'Supernatural']",MAPPA
3,Frieren: Beyond Journey’s End Season 2,"['Adventure', 'Drama', 'Fantasy']",MADHOUSE
4,JUJUTSU KAISEN Season 3: The Culling Game Part 1,"['Action', 'Drama', 'Supernatural']",MAPPA
5,ONE PIECE,"['Action', 'Adventure', 'Comedy', 'Drama', 'Fantasy']",Toei Animation
6,You and I Are Polar Opposites,"['Comedy', 'Drama', 'Romance', 'Slice of Life']",Lapin Track
7,Sentenced to Be a Hero,"['Action', 'Drama', 'Fantasy']",Studio KAI
8,"There was a Cute Girl in the Hero’s Party, so I Tried Confessing to Her","['Adventure', 'Comedy', 'Fantasy', 'Romance']",Gekkou
9,Dorohedoro Season 2,"['Action', 'Adventure', 'Comedy', 'Fantasy', 'Horror', 'Mystery']",MAPPA
10,"The strongest job is apparently not a hero or a sage, but an appraiser (provisional)!","['Action', 'Adventure', 'Comedy', 'Fantasy']",Studio Flad
11,Chitose Is in the Ramune Bottle,"['Comedy', 'Romance']",feel.
12,Fate/strange Fake,"['Action', 'Adventure', 'Fantasy', 'Mystery', 'Supernatural']",A-1 Pictures
13,"Reborn as a Vending Machine, I Now Wander the Dungeon Season 3","['Action', 'Comedy', 'Fantasy']","AXsiZ, Studio Gokumi"
14,【OSHI NO KO】Season 3,"['Drama', 'Mystery', 'Psychological', 'Supernatural']",Doga Kobo
15,The Darwin Incident,"['Sci-Fi', 'Thriller']",BELLNOX FILMS
16,Fire Force Season 3 Part 2,"['Action', 'Drama', 'Sci-Fi', 'Supernatural']",David Production
17,Journal with Witch,"['Drama', 'Slice of Life']",Shuka
18,Your lie in April,"['Drama', 'Music', 'Romance', 'Slice of Life']",A-1 Pictures
19,My Hero Academia: Vigilantes Season 2,"['Action', 'Adventure', 'Drama', 'Fantasy']",bones film
20,Gachiakuta,"['Action', 'Drama', 'Fantasy']",bones film
21,Bleach,"['Action', 'Adventure', 'Supernatural']",Studio Pierrot
22,The Food Diary of Miss Maid,['Slice of Life'],"EMT Squared, Magic Bus"
23,Frieren: Beyond Journey’s End,"['Adventure', 'Drama', 'Fantasy']",MADHOUSE
24,"I Got a Cheat Skill in Another World and Became Unrivaled in The Real World, Too (Special) - The Legendary Dragon—Awakens","['Action', 'Adventure', 'Fantasy', 'Romance']",Millepensee
25,HELL MODE: The Hardcore Gamer Dominates in Another World with Garbage Balancing,"['Action', 'Adventure', 'Fantasy']",Yokohama Animation Lab
26,To Your Eternity Season 3,"['Adventure', 'Drama', 'Fantasy', 'Psychological', 'Supernatural']","Drive, Studio Massket"
27,Witch Hat Atelier,"['Adventure', 'Drama', 'Fantasy']",BUG FILMS
28,JUJUTSU KAISEN,"['Action', 'Drama', 'Supernatural']",MAPPA
29,Agents of the Four Seasons: Dance of Spring,"['Drama', 'Fantasy', 'Romance']",WIT STUDIO
30,"Jack-of-All-Trades, Party of None","['Action', 'Adventure', 'Fantasy']",animation studio42
31,Classroom of the Elite Season 3,"['Drama', 'Psychological']",Lerche
32,Classroom of the Elite,"['Drama', 'Psychological']",Lerche
33,Hell’s Paradise,"['Action', 'Adventure', 'Mystery', 'Supernatural']",MAPPA
34,Hunter x Hunter (2011),"['Action', 'Adventure', 'Fantasy']",MADHOUSE
35,In the Clear Moonlit Dusk,"['Romance', 'Slice of Life']","East Fish Studio, Atelier Peuplier"
36,Wistoria: Wand and Sword Season 2,"['Action', 'Adventure', 'Drama', 'Fantasy']","Actas, Bandai Namco Pictures"
37,The Apothecary Diaries Season 2,"['Drama', 'Mystery']","TOHO animation STUDIO, OLM"
38,Golden Kamuy Final Season,"['Action', 'Adventure', 'Comedy']",Brain's Base
39,Classroom of the Elite Season 2,"['Drama', 'Mystery', 'Psychological']",Lerche
40,JUJUTSU KAISEN Season 2,"['Action', 'Drama', 'Supernatural']",MAPPA
41,Death Note,"['Mystery', 'Psychological', 'Supernatural', 'Thriller']",MADHOUSE
42,The Beginning After the End Season 2,"['Action', 'Adventure', 'Fantasy']",studio A-CAT
43,Tune In to the Midnight Heart,"['Comedy', 'Romance']",Gekkou
44,JoJo's Bizarre Adventure (TV),"['Action', 'Adventure', 'Supernatural']",David Production
45,An Adventurer’s Daily Grind at Age 29,"['Adventure', 'Fantasy', 'Slice of Life']",HORNETS
46,That Time I Got Reincarnated as a Slime Season 4,"['Action', 'Adventure', 'Comedy', 'Fantasy']",8-bit
47,Tamon's B-Side,"['Comedy', 'Romance']",J.C.STAFF
48,Easygoing Territory Defense by the Optimistic Lord,"['Adventure', 'Fantasy']",NAZ
49,Chained Soldier Season 2,"['Action', 'Adventure', 'Drama', 'Ecchi', 'Fantasy', 'Romance']","Passione, Hayabusa Film"
50,Re:ZERO -Starting Life in Another World-,"['Action', 'Adventure', 'Drama', 'Fantasy', 'Psychological', 'Romance', 'Thriller']",WHITE FOX
Rank,Title,Genre,Studio
1,"Classroom of the Elite 4th Season: Second Year, First Semester","['Drama', 'Psychological']",Lerche
2,Hell’s Paradise Season 2,"['Action', 'Adventure', 'Mystery', 'Supernatural']",MAPPA
3,Frieren: Beyond Journey’s End Season 2,"['Adventure', 'Drama', 'Fantasy']",MADHOUSE
4,JUJUTSU KAISEN Season 3: The Culling Game Part 1,"['Action', 'Drama', 'Supernatural']",MAPPA
5,ONE PIECE,"['Action', 'Adventure', 'Comedy', 'Drama', 'Fantasy']",Toei Animation
6,You and I Are Polar Opposites,"['Comedy', 'Drama', 'Romance', 'Slice of Life']",Lapin Track
7,Sentenced to Be a Hero,"['Action', 'Drama', 'Fantasy']",Studio KAI
8,"There was a Cute Girl in the Hero’s Party, so I Tried Confessing to Her","['Adventure', 'Comedy', 'Fantasy', 'Romance']",Gekkou
9,Dorohedoro Season 2,"['Action', 'Adventure', 'Comedy', 'Fantasy', 'Horror', 'Mystery']",MAPPA
10,"The strongest job is apparently not a hero or a sage, but an appraiser (provisional)!","['Action', 'Adventure', 'Comedy', 'Fantasy']",Studio Flad
11,Chitose Is in the Ramune Bottle,"['Comedy', 'Romance']",feel.
12,Fate/strange Fake,"['Action', 'Adventure', 'Fantasy', 'Mystery', 'Supernatural']",A-1 Pictures
13,"Reborn as a Vending Machine, I Now Wander the Dungeon Season 3","['Action', 'Comedy', 'Fantasy']","AXsiZ, Studio Gokumi"
14,【OSHI NO KO】Season 3,"['Drama', 'Mystery', 'Psychological', 'Supernatural']",Doga Kobo
15,The Darwin Incident,"['Sci-Fi', 'Thriller']",BELLNOX FILMS
16,Fire Force Season 3 Part 2,"['Action', 'Drama', 'Sci-Fi', 'Supernatural']",David Production
17,Journal with Witch,"['Drama', 'Slice of Life']",Shuka
18,Your lie in April,"['Drama', 'Music', 'Romance', 'Slice of Life']",A-1 Pictures
19,My Hero Academia: Vigilantes Season 2,"['Action', 'Adventure', 'Drama', 'Fantasy']",bones film
20,Gachiakuta,"['Action', 'Drama', 'Fantasy']",bones film
21,Bleach,"['Action', 'Adventure', 'Supernatural']",Studio Pierrot
22,The Food Diary of Miss Maid,['Slice of Life'],"EMT Squared, Magic Bus"
23,Frieren: Beyond Journey’s End,"['Adventure', 'Drama', 'Fantasy']",MADHOUSE
24,"I Got a Cheat Skill in Another World and Became Unrivaled in The Real World, Too (Special) - The Legendary Dragon—Awakens","['Action', 'Adventure', 'Fantasy', 'Romance']",Millepensee
25,HELL MODE: The Hardcore Gamer Dominates in Another World with Garbage Balancing,"['Action', 'Adventure', 'Fantasy']",Yokohama Animation Lab
26,To Your Eternity Season 3,"['Adventure', 'Drama', 'Fantasy', 'Psychological', 'Supernatural']","Drive, Studio Massket"
27,Witch Hat Atelier,"['Adventure', 'Drama', 'Fantasy']",BUG FILMS
28,JUJUTSU KAISEN,"['Action', 'Drama', 'Supernatural']",MAPPA
29,Agents of the Four Seasons: Dance of Spring,"['Drama', 'Fantasy', 'Romance']",WIT STUDIO
30,"Jack-of-All-Trades, Party of None","['Action', 'Adventure', 'Fantasy']",animation studio42
31,Classroom of the Elite Season 3,"['Drama', 'Psychological']",Lerche
32,Classroom of the Elite,"['Drama', 'Psychological']",Lerche
33,Hell’s Paradise,"['Action', 'Adventure', 'Mystery', 'Supernatural']",MAPPA
34,Hunter x Hunter (2011),"['Action', 'Adventure', 'Fantasy']",MADHOUSE
35,In the Clear Moonlit Dusk,"['Romance', 'Slice of Life']","East Fish Studio, Atelier Peuplier"
36,Wistoria: Wand and Sword Season 2,"['Action', 'Adventure', 'Drama', 'Fantasy']","Actas, Bandai Namco Pictures"
37,The Apothecary Diaries Season 2,"['Drama', 'Mystery']","TOHO animation STUDIO, OLM"
38,Golden Kamuy Final Season,"['Action', 'Adventure', 'Comedy']",Brain's Base
39,Classroom of the Elite Season 2,"['Drama', 'Mystery', 'Psychological']",Lerche
40,JUJUTSU KAISEN Season 2,"['Action', 'Drama', 'Supernatural']",MAPPA
41,Death Note,"['Mystery', 'Psychological', 'Supernatural', 'Thriller']",MADHOUSE
42,The Beginning After the End Season 2,"['Action', 'Adventure', 'Fantasy']",studio A-CAT
43,Tune In to the Midnight Heart,"['Comedy', 'Romance']",Gekkou
44,JoJo's Bizarre Adventure (TV),"['Action', 'Adventure', 'Supernatural']",David Production
45,An Adventurer’s Daily Grind at Age 29,"['Adventure', 'Fantasy', 'Slice of Life']",HORNETS
46,That Time I Got Reincarnated as a Slime Season 4,"['Action', 'Adventure', 'Comedy', 'Fantasy']",8-bit
47,Tamon's B-Side,"['Comedy', 'Romance']",J.C.STAFF
48,Easygoing Territory Defense by the Optimistic Lord,"['Adventure', 'Fantasy']",NAZ
49,Chained Soldier Season 2,"['Action', 'Adventure', 'Drama', 'Ecchi', 'Fantasy', 'Romance']","Passione, Hayabusa Film"
50,Re:ZERO -Starting Life in Another World-,"['Action', 'Adventure', 'Drama', 'Fantasy', 'Psychological', 'Romance', 'Thriller']",WHITE FOX
Rank,Title,Genre,Studio
1,"Classroom of the Elite 4th Season: Second Year, First Semester","['Drama', 'Psychological']",Lerche
2,Hell’s Paradise Season 2,"['Action', 'Adventure', 'Mystery', 'Supernatural']",MAPPA
3,Frieren: Beyond Journey’s End Season 2,"['Adventure', 'Drama', 'Fantasy']",MADHOUSE
4,JUJUTSU KAISEN Season 3: The Culling Game Part 1,"['Action', 'Drama', 'Supernatural']",MAPPA
5,ONE PIECE,"['Action', 'Adventure', 'Comedy', 'Drama', 'Fantasy']",Toei Animation
6,You and I Are Polar Opposites,"['Comedy', 'Drama', 'Romance', 'Slice of Life']",Lapin Track
7,Sentenced to Be a Hero,"['Action', 'Drama', 'Fantasy']",Studio KAI
8,"There was a Cute Girl in the Hero’s Party, so I Tried Confessing to Her","['Adventure', 'Comedy', 'Fantasy', 'Romance']",Gekkou
9,Dorohedoro Season 2,"['Action', 'Adventure', 'Comedy', 'Fantasy', 'Horror', 'Mystery']",MAPPA
10,"The strongest job is apparently not a hero or a sage, but an appraiser (provisional)!","['Action', 'Adventure', 'Comedy', 'Fantasy']",Studio Flad
11,Chitose Is in the Ramune Bottle,"['Comedy', 'Romance']",feel.
12,Fate/strange Fake,"['Action', 'Adventure', 'Fantasy', 'Mystery', 'Supernatural']",A-1 Pictures
13,"Reborn as a Vending Machine, I Now Wander the Dungeon Season 3","['Action', 'Comedy', 'Fantasy']","AXsiZ, Studio Gokumi"
14,【OSHI NO KO】Season 3,"['Drama', 'Mystery', 'Psychological', 'Supernatural']",Doga Kobo
15,The Darwin Incident,"['Sci-Fi', 'Thriller']",BELLNOX FILMS
16,Fire Force Season 3 Part 2,"['Action', 'Drama', 'Sci-Fi', 'Supernatural']",David Production
17,Journal with Witch,"['Drama', 'Slice of Life']",Shuka
18,Your lie in April,"['Drama', 'Music', 'Romance', 'Slice of Life']",A-1 Pictures
19,My Hero Academia: Vigilantes Season 2,"['Action', 'Adventure', 'Drama', 'Fantasy']",bones film
20,Gachiakuta,"['Action', 'Drama', 'Fantasy']",bones film
21,Bleach,"['Action', 'Adventure', 'Supernatural']",Studio Pierrot
22,The Food Diary of Miss Maid,['Slice of Life'],"EMT Squared, Magic Bus"
23,Frieren: Beyond Journey’s End,"['Adventure', 'Drama', 'Fantasy']",MADHOUSE
24,"I Got a Cheat Skill in Another World and Became Unrivaled in The Real World, Too (Special) - The Legendary Dragon—Awakens","['Action', 'Adventure', 'Fantasy', 'Romance']",Millepensee
25,HELL MODE: The Hardcore Gamer Dominates in Another World with Garbage Balancing,"['Action', 'Adventure', 'Fantasy']",Yokohama Animation Lab
26,To Your Eternity Season 3,"['Adventure', 'Drama', 'Fantasy', 'Psychological', 'Supernatural']","Drive, Studio Massket"
27,Witch Hat Atelier,"['Adventure', 'Drama', 'Fantasy']",BUG FILMS
28,JUJUTSU KAISEN,"['Action', 'Drama', 'Supernatural']",MAPPA
29,Agents of the Four Seasons: Dance of Spring,"['Drama', 'Fantasy', 'Romance']",WIT STUDIO
30,"Jack-of-All-Trades, Party of None","['Action', 'Adventure', 'Fantasy']",animation studio42
31,Classroom of the Elite Season 3,"['Drama', 'Psychological']",Lerche
32,Classroom of the Elite,"['Drama', 'Psychological']",Lerche
33,Hell’s Paradise,"['Action', 'Adventure', 'Mystery', 'Supernatural']",MAPPA
34,Hunter x Hunter (2011),"['Action', 'Adventure', 'Fantasy']",MADHOUSE
35,In the Clear Moonlit Dusk,"['Romance', 'Slice of Life']","East Fish Studio, Atelier Peuplier"
36,Wistoria: Wand and Sword Season 2,"['Action', 'Adventure', 'Drama', 'Fantasy']","Actas, Bandai Namco Pictures"
37,The Apothecary Diaries Season 2,"['Drama', 'Mystery']","TOHO animation STUDIO, OLM"
38,Golden Kamuy Final Season,"['Action', 'Adventure', 'Comedy']",Brain's Base
39,Classroom of the Elite Season 2,"['Drama', 'Mystery', 'Psychological']",Lerche
40,JUJUTSU KAISEN Season 2,"['Action', 'Drama', 'Supernatural']",MAPPA
41,Death Note,"['Mystery', 'Psychological', 'Supernatural', 'Thriller']",MADHOUSE
42,The Beginning After the End Season 2,"['Action', 'Adventure', 'Fantasy']",studio A-CAT
43,Tune In to the Midnight Heart,"['Comedy', 'Romance']",Gekkou
44,JoJo's Bizarre Adventure (TV),"['Action', 'Adventure', 'Supernatural']",David Production
45,An Adventurer’s Daily Grind at Age 29,"['Adventure', 'Fantasy', 'Slice of Life']",HORNETS
46,That Time I Got Reincarnated as a Slime Season 4,"['Action', 'Adventure', 'Comedy', 'Fantasy']",8-bit
47,Tamon's B-Side,"['Comedy', 'Romance']",J.C.STAFF
48,Easygoing Territory Defense by the Optimistic Lord,"['Adventure', 'Fantasy']",NAZ
49,Chained Soldier Season 2,"['Action', 'Adventure', 'Drama', 'Ecchi', 'Fantasy', 'Romance']","Passione, Hayabusa Film"
50,Re:ZERO -Starting Life in Another World-,"['Action', 'Adventure', 'Drama', 'Fantasy', 'Psychological', 'Romance', 'Thriller']",WHITE FOX
